username,link
A0539789420,https://t.me/A0539789420
A1_112,https://t.me/A1_112
A1_112_0,https://t.me/A1_112_0
A74ii,https://t.me/A74ii
A7_S3H5_bot,https://t.me/A7_S3H5_bot
A7_S3H6_bot,https://t.me/A7_S3H6_bot
A7ya2030,https://t.me/A7ya2030
AAIIRT,https://t.me/AAIIRT
ABODBOK,https://t.me/ABODBOK
ABODExams,https://t.me/ABODExams
ABU_Braahim,https://t.me/ABU_Braahim
ABYAKF,https://t.me/ABYAKF
ABooDchannal2secondary,https://t.me/ABooDchannal2secondary
ACC_HAITHAM95,https://t.me/ACC_HAITHAM95
ADSBLAND,https://t.me/ADSBLAND
AEQuodraat,https://t.me/AEQuodraat
AERT_3,https://t.me/AERT_3
AG_ENG,https://t.me/AG_ENG
AHBAK_RBI,https://t.me/AHBAK_RBI
AH_JH1,https://t.me/AH_JH1
AL1000A,https://t.me/AL1000A
ALADWAT,https://t.me/ALADWAT
ALHusseinALSharyf,https://t.me/ALHusseinALSharyf
ALITALIME,https://t.me/ALITALIME
ALMahir3Bot,https://t.me/ALMahir3Bot
ALMahir4Bot,https://t.me/ALMahir4Bot
ALQANAAS10,https://t.me/ALQANAAS10
ALQURAN_2030,https://t.me/ALQURAN_2030
ALYEMENNET,https://t.me/ALYEMENNET
ALYEMENNETbot,https://t.me/ALYEMENNETbot
ALYMENET,https://t.me/ALYMENET
AL_MOTNBE,https://t.me/AL_MOTNBE
AL_shaeayir_2,https://t.me/AL_shaeayir_2
ALekhwan,https://t.me/ALekhwan
AMADKAID,https://t.me/AMADKAID
AMC_Midan,https://t.me/AMC_Midan
AMRGAMAL_CHAT,https://t.me/AMRGAMAL_CHAT
AMRHISHAMGroup,https://t.me/AMRHISHAMGroup
AOOAO3,https://t.me/AOOAO3
APPSIPHONE11,https://t.me/APPSIPHONE11
AREFDENAK,https://t.me/AREFDENAK
AYanime16,https://t.me/AYanime16
AZFX_group,https://t.me/AZFX_group
A_12Aru,https://t.me/A_12Aru
A_E2087195BOT,https://t.me/A_E2087195BOT
A_Way_To_English_For_kids,https://t.me/A_Way_To_English_For_kids
AbbasAlkinani11,https://t.me/AbbasAlkinani11
Abbdulaaziz,https://t.me/Abbdulaaziz
Abd96_28,https://t.me/Abd96_28
Abd_alrazaq_ha,https://t.me/Abd_alrazaq_ha
Abdallah_makke,https://t.me/Abdallah_makke
Abdessalem7,https://t.me/Abdessalem7
AbdooSame7_Bot,https://t.me/AbdooSame7_Bot
Abdulhaimohammadyousuf,https://t.me/Abdulhaimohammadyousuf
Abr20k1bot,https://t.me/Abr20k1bot
Abu3rab_bot,https://t.me/Abu3rab_bot
AbuHudhayfah_apk,https://t.me/AbuHudhayfah_apk
AbuShahabAlKhabji,https://t.me/AbuShahabAlKhabji
Abu_Majali,https://t.me/Abu_Majali
Abu_Majali1,https://t.me/Abu_Majali1
Abu_Majali2,https://t.me/Abu_Majali2
Academic_Maarefa,https://t.me/Academic_Maarefa
Academyzainaletqaan04,https://t.me/Academyzainaletqaan04
Accounting_House_group,https://t.me/Accounting_House_group
Acdh_T1,https://t.me/Acdh_T1
Acdh_quiz,https://t.me/Acdh_quiz
Adam360_bot,https://t.me/Adam360_bot
Adamplatform,https://t.me/Adamplatform
Admiin_tabliighatt,https://t.me/Admiin_tabliighatt
Aflh_1,https://t.me/Aflh_1
Afnanmsallam,https://t.me/Afnanmsallam
AghaniArb,https://t.me/AghaniArb
AhmadQuran,https://t.me/AhmadQuran
Ahmed99AlSaye,https://t.me/Ahmed99AlSaye
AhmedAmerCaller,https://t.me/AhmedAmerCaller
AhmedSoliman2024,https://t.me/AhmedSoliman2024
AhmedVlP3,https://t.me/AhmedVlP3
Ahmed_chemistry26bot,https://t.me/Ahmed_chemistry26bot
AhrarTulkarmbot,https://t.me/AhrarTulkarmbot
Ahrar_alfaraa2,https://t.me/Ahrar_alfaraa2
AihabAlhajwan,https://t.me/AihabAlhajwan
Aitqan_Quran,https://t.me/Aitqan_Quran
Al3my1l,https://t.me/Al3my1l
AlAzharTl,https://t.me/AlAzharTl
AlFiiqh,https://t.me/AlFiiqh
AlFuture,https://t.me/AlFuture
AlWasiyyah,https://t.me/AlWasiyyah
Al_NabaAlYaqeen7,https://t.me/Al_NabaAlYaqeen7
Alasd_Store,https://t.me/Alasd_Store
Alashqalalahy,https://t.me/Alashqalalahy
Alawiya85,https://t.me/Alawiya85
Alazhar37,https://t.me/Alazhar37
Albal1_bot,https://t.me/Albal1_bot
Albayanquran,https://t.me/Albayanquran
AlertPlaylist,https://t.me/AlertPlaylist
Alfarooqservices,https://t.me/Alfarooqservices
Algodrah987,https://t.me/Algodrah987
Alhadaflibrary,https://t.me/Alhadaflibrary
Alhawqala_1,https://t.me/Alhawqala_1
Alhomrani525Chat,https://t.me/Alhomrani525Chat
Alhut_qudrat,https://t.me/Alhut_qudrat
AlisWell_Keto,https://t.me/AlisWell_Keto
Aljaameah,https://t.me/Aljaameah
Alkastabanf,https://t.me/Alkastabanf
Alkatah,https://t.me/Alkatah
Alkaw2thar_bot,https://t.me/Alkaw2thar_bot
AllRased,https://t.me/AllRased
Alldentaldata_bot,https://t.me/Alldentaldata_bot
Allseasonsmk,https://t.me/Allseasonsmk
AlmasirahVideos,https://t.me/AlmasirahVideos
AlmirathI,https://t.me/AlmirathI
AlmirathI_bot,https://t.me/AlmirathI_bot
AlmofidPlatform,https://t.me/AlmofidPlatform
Almustashaar,https://t.me/Almustashaar
Alpine_Quest0,https://t.me/Alpine_Quest0
Alqurankarym12,https://t.me/Alqurankarym12
Alresalah_Fm,https://t.me/Alresalah_Fm
AlsharabiN,https://t.me/AlsharabiN
Alshdaa_1,https://t.me/Alshdaa_1
AltaheahUni,https://t.me/AltaheahUni
Altoras,https://t.me/Altoras
Alwadhaf,https://t.me/Alwadhaf
Alysbsj12,https://t.me/Alysbsj12
Ameer19906,https://t.me/Ameer19906
Amjd_Farhan,https://t.me/Amjd_Farhan
AmwalSupport,https://t.me/AmwalSupport
Anasahmadfezyas,https://t.me/Anasahmadfezyas
AnatomyEN,https://t.me/AnatomyEN
AndroidPro6,https://t.me/AndroidPro6
Anime1Galaxy,https://t.me/Anime1Galaxy
AnimeHouse_TV,https://t.me/AnimeHouse_TV
AnimeS611,https://t.me/AnimeS611
Animewallpaperw,https://t.me/Animewallpaperw
Apomgly,https://t.me/Apomgly
AppleMakerBot,https://t.me/AppleMakerBot
ArabArchitects,https://t.me/ArabArchitects
ArabFlixTV,https://t.me/ArabFlixTV
Arab_heroes,https://t.me/Arab_heroes
Arabickidoo_bot,https://t.me/Arabickidoo_bot
ArabsCast,https://t.me/ArabsCast
Architecture95_bot,https://t.me/Architecture95_bot
Architecture_and_Design_Egypt,https://t.me/Architecture_and_Design_Egypt
Architecture_and_Design_Works_Eg,https://t.me/Architecture_and_Design_Works_Eg
Archive_Makany_World,https://t.me/Archive_Makany_World
Archivelefr,https://t.me/Archivelefr
Arfont,https://t.me/Arfont
ArrowFlix2,https://t.me/ArrowFlix2
ArrowFlix2Bot,https://t.me/ArrowFlix2Bot
ArrowFlixBot,https://t.me/ArrowFlixBot
Arsail2020,https://t.me/Arsail2020
Asawir10,https://t.me/Asawir10
AsfarAcademy,https://t.me/AsfarAcademy
AsiadramaTV,https://t.me/AsiadramaTV
Asiadramabot,https://t.me/Asiadramabot
AskBdran,https://t.me/AskBdran
Aslam1sy,https://t.me/Aslam1sy
Asmaan444,https://t.me/Asmaan444
Asmy_aatty,https://t.me/Asmy_aatty
Asrarquran,https://t.me/Asrarquran
Attfalmuqtnyat,https://t.me/Attfalmuqtnyat
Austiraa,https://t.me/Austiraa
AyatQuranCentre_Bot,https://t.me/AyatQuranCentre_Bot
AyatYouthPlatform_bot,https://t.me/AyatYouthPlatform_bot
Ayman_swed,https://t.me/Ayman_swed
Ayselmaysel,https://t.me/Ayselmaysel
Azaha_Setar,https://t.me/Azaha_Setar
Azrae19,https://t.me/Azrae19
B1_B2,https://t.me/B1_B2
BAC_2024BOT,https://t.me/BAC_2024BOT
BChatBot,https://t.me/BChatBot
BEGO_90,https://t.me/BEGO_90
BEGO_GAMING,https://t.me/BEGO_GAMING
BEGO_Store90,https://t.me/BEGO_Store90
BGDAnimes,https://t.me/BGDAnimes
BICtUREE,https://t.me/BICtUREE
BITIZEN_bot,https://t.me/BITIZEN_bot
B_plusbot,https://t.me/B_plusbot
Ba7ith2,https://t.me/Ba7ith2
Bader12000,https://t.me/Bader12000
BaderKhalafChat,https://t.me/BaderKhalafChat
Badyfonts,https://t.me/Badyfonts
Baghdad762,https://t.me/Baghdad762
Bar_eb,https://t.me/Bar_eb
Baraa_Mod,https://t.me/Baraa_Mod
BarlamanAleamara1Bot,https://t.me/BarlamanAleamara1Bot
Basem4aflamcartoooon,https://t.me/Basem4aflamcartoooon
Basra_315,https://t.me/Basra_315
Bavari77,https://t.me/Bavari77
Be_positive99,https://t.me/Be_positive99
Behzadecom,https://t.me/Behzadecom
BiChatBot,https://t.me/BiChatBot
BlackAS7Y,https://t.me/BlackAS7Y
Blackore1,https://t.me/Blackore1
Blood_Module,https://t.me/Blood_Module
Blox_MH,https://t.me/Blox_MH
BnAbdu,https://t.me/BnAbdu
C355X,https://t.me/C355X
CCPDF,https://t.me/CCPDF
CCP_ARAMCO,https://t.me/CCP_ARAMCO
CCP_Channel,https://t.me/CCP_Channel
CD_FD,https://t.me/CD_FD
CHA244,https://t.me/CHA244
CINEMATICKET_1,https://t.me/CINEMATICKET_1
CJ_YV,https://t.me/CJ_YV
CLASHi,https://t.me/CLASHi
CLINICALPHARMACISTS_CHANNEL,https://t.me/CLINICALPHARMACISTS_CHANNEL
CNNA2,https://t.me/CNNA2
CNS_M,https://t.me/CNS_M
CODMAS7Y,https://t.me/CODMAS7Y
CVS_M,https://t.me/CVS_M
CZ_Zone_group,https://t.me/CZ_Zone_group
C_Military1,https://t.me/C_Military1
CairoQuranRadio,https://t.me/CairoQuranRadio
Callship71_bot,https://t.me/Callship71_bot
Canale_pasokh,https://t.me/Canale_pasokh
Cap_Maged73,https://t.me/Cap_Maged73
Cards_Ramadan,https://t.me/Cards_Ramadan
Chat4icourses,https://t.me/Chat4icourses
ChatQuos,https://t.me/ChatQuos
ChbihiIlham1Bot,https://t.me/ChbihiIlham1Bot
ClashTvGp,https://t.me/ClashTvGp
ClashTvMap,https://t.me/ClashTvMap
CleverSeenBot,https://t.me/CleverSeenBot
ClimateYe,https://t.me/ClimateYe
CompuTech4,https://t.me/CompuTech4
Computer_IT_Engineering,https://t.me/Computer_IT_Engineering
ConFinngs,https://t.me/ConFinngs
Contactushere23457bot,https://t.me/Contactushere23457bot
Conversation1224,https://t.me/Conversation1224
CreativeProductionUnite,https://t.me/CreativeProductionUnite
Cryp2me,https://t.me/Cryp2me
Crypto_wolves_support,https://t.me/Crypto_wolves_support
CyberSecurityforall24,https://t.me/CyberSecurityforall24
CypherDojo,https://t.me/CypherDojo
D900_BOT,https://t.me/D900_BOT
DBLOM2,https://t.me/DBLOM2
DCONA,https://t.me/DCONA
DD22D,https://t.me/DD22D
DDDilll,https://t.me/DDDilll
DNAIRAQ,https://t.me/DNAIRAQ
DORRTV1,https://t.me/DORRTV1
DR_BMOD,https://t.me/DR_BMOD
Dabos69,https://t.me/Dabos69
Daeralplh11,https://t.me/Daeralplh11
Dah7eh,https://t.me/Dah7eh
Dahabforads,https://t.me/Dahabforads
Dailk4ielts_quizzes,https://t.me/Dailk4ielts_quizzes
Dalilk4Ielts_resources,https://t.me/Dalilk4Ielts_resources
Dalilk_college,https://t.me/Dalilk_college
Damam221,https://t.me/Damam221
Daman_CM73,https://t.me/Daman_CM73
DaniellaHany,https://t.me/DaniellaHany
Dasouqa,https://t.me/Dasouqa
DawratQuran_Bot,https://t.me/DawratQuran_Bot
Dawratonlinekw_bot,https://t.me/Dawratonlinekw_bot
DealsSpider3,https://t.me/DealsSpider3
DealsSpider6,https://t.me/DealsSpider6
Den_socials,https://t.me/Den_socials
Dentist_110,https://t.me/Dentist_110
Dermatology_Data,https://t.me/Dermatology_Data
DeutscheFilme96,https://t.me/DeutscheFilme96
DigicSup_Bot,https://t.me/DigicSup_Bot
Digic_CHAT,https://t.me/Digic_CHAT
Digic_F_Bot,https://t.me/Digic_F_Bot
Disco60011,https://t.me/Disco60011
Discussions_abilities,https://t.me/Discussions_abilities
Diwansha3r,https://t.me/Diwansha3r
DjTaha_Gap,https://t.me/DjTaha_Gap
Dj_sirx,https://t.me/Dj_sirx
DohaMohamedNabhan,https://t.me/DohaMohamedNabhan
Dollar701,https://t.me/Dollar701
DrAhmedAlshami,https://t.me/DrAhmedAlshami
DrAhmedAlshami2,https://t.me/DrAhmedAlshami2
DrEngy_Elhady,https://t.me/DrEngy_Elhady
Drooscast11_bot,https://t.me/Drooscast11_bot
Drsalehs,https://t.me/Drsalehs
DuaaBiology,https://t.me/DuaaBiology
Dznstd,https://t.me/Dznstd
Dznstd3D,https://t.me/Dznstd3D
DznstdSoft,https://t.me/DznstdSoft
E7sas2039,https://t.me/E7sas2039
EDIRQBot,https://t.me/EDIRQBot
EEEAS,https://t.me/EEEAS
EEnglish2026,https://t.me/EEnglish2026
EGP_earnBOT,https://t.me/EGP_earnBOT
EIT1TIE,https://t.me/EIT1TIE
ELIOT_1n,https://t.me/ELIOT_1n
ELTORBINI01151999346,https://t.me/ELTORBINI01151999346
EOpajmas,https://t.me/EOpajmas
EXAMFORMA1,https://t.me/EXAMFORMA1
E_6cm,https://t.me/E_6cm
EagleBet367,https://t.me/EagleBet367
Easy_Access_Bot,https://t.me/Easy_Access_Bot
Easy_Biomedical_Module,https://t.me/Easy_Biomedical_Module
Easy_Blood,https://t.me/Easy_Blood
Easy_CNS_Module,https://t.me/Easy_CNS_Module
Easy_Introduction,https://t.me/Easy_Introduction
Easy_Musculoskeletal,https://t.me/Easy_Musculoskeletal
Echemistr,https://t.me/Echemistr
Eftstar,https://t.me/Eftstar
ElSafara20k,https://t.me/ElSafara20k
El_minshawy,https://t.me/El_minshawy
ElagamyGroupGomla,https://t.me/ElagamyGroupGomla
ElamAlmoqawama1,https://t.me/ElamAlmoqawama1
Elghalez,https://t.me/Elghalez
ElgharibFonts,https://t.me/ElgharibFonts
Elllikx,https://t.me/Elllikx
ElrobaEdu,https://t.me/ElrobaEdu
Emanali127,https://t.me/Emanali127
Empathdom,https://t.me/Empathdom
Endocrine_M,https://t.me/Endocrine_M
Energy_12,https://t.me/Energy_12
EngEg_com,https://t.me/EngEg_com
EngNanaNagib,https://t.me/EngNanaNagib
Eng_AhmedEssamEldin,https://t.me/Eng_AhmedEssamEldin
Eng_jama,https://t.me/Eng_jama
Engineeringjobs2021ko,https://t.me/Engineeringjobs2021ko
EnglishDepartment1,https://t.me/EnglishDepartment1
English_With_Feras,https://t.me/English_With_Feras
ErRoomData,https://t.me/ErRoomData
ErRoomData1,https://t.me/ErRoomData1
ErRoomData2,https://t.me/ErRoomData2
EslamHacker,https://t.me/EslamHacker
EslammohamedHR,https://t.me/EslammohamedHR
Eukuu,https://t.me/Eukuu
EyadTrader,https://t.me/EyadTrader
FCBarcelona_Arabic,https://t.me/FCBarcelona_Arabic
FCFFli,https://t.me/FCFFli
FDTC100,https://t.me/FDTC100
FGFFF_GG,https://t.me/FGFFF_GG
FShkutub,https://t.me/FShkutub
FUTON_N1,https://t.me/FUTON_N1
FUTUREDOCTORS_194,https://t.me/FUTUREDOCTORS_194
Farahbabyclothes,https://t.me/Farahbabyclothes
FeedbackFedu,https://t.me/FeedbackFedu
Fggfgfgfgfgfgfhc,https://t.me/Fggfgfgfgfgfgfhc
FoodofDesigner_bot,https://t.me/FoodofDesigner_bot
Forex34support,https://t.me/Forex34support
ForexNewspaper,https://t.me/ForexNewspaper
Free_Syrian_Education,https://t.me/Free_Syrian_Education
Free_Syrian_Education5,https://t.me/Free_Syrian_Education5
Full_A_FuIl,https://t.me/Full_A_FuIl
Future125x,https://t.me/Future125x
G55XC9,https://t.me/G55XC9
GAMES_CL_GROUP,https://t.me/GAMES_CL_GROUP
GANtk1,https://t.me/GANtk1
GANtk2,https://t.me/GANtk2
GANtk3,https://t.me/GANtk3
GANtk4,https://t.me/GANtk4
GANtk5,https://t.me/GANtk5
GANtk6,https://t.me/GANtk6
GB_TL,https://t.me/GB_TL
GD642221,https://t.me/GD642221
GG4GGG,https://t.me/GG4GGG
GGHHPP1,https://t.me/GGHHPP1
GIT_Module,https://t.me/GIT_Module
GIVATcomond,https://t.me/GIVATcomond
GOLDSCOPESCALPSS,https://t.me/GOLDSCOPESCALPSS
GOOALn1,https://t.me/GOOALn1
Gaidae,https://t.me/Gaidae
Gaza_Now132,https://t.me/Gaza_Now132
Gaza_live3,https://t.me/Gaza_live3
Gcodesupport,https://t.me/Gcodesupport
GetBestCoins2Bot,https://t.me/GetBestCoins2Bot
GetBestCoinsBot,https://t.me/GetBestCoinsBot
GhRoooh,https://t.me/GhRoooh
GhRoooh23,https://t.me/GhRoooh23
Ghassassat,https://t.me/Ghassassat
Gif2022am,https://t.me/Gif2022am
Glitter11144,https://t.me/Glitter11144
Goals_Messi_Barcelona,https://t.me/Goals_Messi_Barcelona
GoldAnalysisVIP_bot,https://t.me/GoldAnalysisVIP_bot
GoldToday10,https://t.me/GoldToday10
Gold_vip_11H11,https://t.me/Gold_vip_11H11
GrantDiscussion27,https://t.me/GrantDiscussion27
GraphicMedNotes9111,https://t.me/GraphicMedNotes9111
Group90c,https://t.me/Group90c
GroupsABOOD1Secound,https://t.me/GroupsABOOD1Secound
Guyo_m,https://t.me/Guyo_m
GwaniFx,https://t.me/GwaniFx
Gxcode,https://t.me/Gxcode
Gyna_Obs_Data,https://t.me/Gyna_Obs_Data
H2_GG,https://t.me/H2_GG
HA2WhatsApp,https://t.me/HA2WhatsApp
HAL777HA,https://t.me/HAL777HA
HAQI_1997,https://t.me/HAQI_1997
HB2020BOT,https://t.me/HB2020BOT
HCAnees,https://t.me/HCAnees
HEROGAMING44,https://t.me/HEROGAMING44
HFOPH1,https://t.me/HFOPH1
HH999666HH,https://t.me/HH999666HH
HH_X7,https://t.me/HH_X7
HL_Homewear,https://t.me/HL_Homewear
HSBET2,https://t.me/HSBET2
H_N4l,https://t.me/H_N4l
Hail2005,https://t.me/Hail2005
Hamam74,https://t.me/Hamam74
Hamoodi_HA,https://t.me/Hamoodi_HA
Handosa7,https://t.me/Handosa7
HarfBeManBOT,https://t.me/HarfBeManBOT
HarfChatBot,https://t.me/HarfChatBot
HarfinoBot,https://t.me/HarfinoBot
Harithiya,https://t.me/Harithiya
Hdeinbot,https://t.me/Hdeinbot
Hear_useful1,https://t.me/Hear_useful1
Hebrew2024media,https://t.me/Hebrew2024media
Helpawy24,https://t.me/Helpawy24
HennawiFxZone,https://t.me/HennawiFxZone
Here_isEnglish,https://t.me/Here_isEnglish
HidenChat_Bot,https://t.me/HidenChat_Bot
Hirelinkx,https://t.me/Hirelinkx
Hn9n9Hbot,https://t.me/Hn9n9Hbot
Hob_alhussein22,https://t.me/Hob_alhussein22
Hoorlingerie,https://t.me/Hoorlingerie
Hor2000kk,https://t.me/Hor2000kk
HusseinAlTayir,https://t.me/HusseinAlTayir
HusseinAlTayir1,https://t.me/HusseinAlTayir1
Hussein_Altair,https://t.me/Hussein_Altair
I3rdmedics,https://t.me/I3rdmedics
I4thmedics,https://t.me/I4thmedics
IELTSMastermind_Chat,https://t.me/IELTSMastermind_Chat
IIQYAII,https://t.me/IIQYAII
INF313,https://t.me/INF313
INTERNALMEDICINEBOARD,https://t.me/INTERNALMEDICINEBOARD
IQTHON,https://t.me/IQTHON
IRQ_W2,https://t.me/IRQ_W2
IauCheck,https://t.me/IauCheck
Ibn_Nineveh,https://t.me/Ibn_Nineveh
Ibn_alqaim,https://t.me/Ibn_alqaim
Ibrahim_9633,https://t.me/Ibrahim_9633
ImamAliNet,https://t.me/ImamAliNet
IndexShow,https://t.me/IndexShow
InformationCapsRaafat,https://t.me/InformationCapsRaafat
Introduction_Modules,https://t.me/Introduction_Modules
Introduction_ModulesBot,https://t.me/Introduction_ModulesBot
IqRebrand,https://t.me/IqRebrand
Ira_qi2004,https://t.me/Ira_qi2004
Iraq_Qss,https://t.me/Iraq_Qss
Iraq_careers,https://t.me/Iraq_careers
Iraq_holidays_s,https://t.me/Iraq_holidays_s
Iraqi_EDU_2018,https://t.me/Iraqi_EDU_2018
Islam_Alkashif,https://t.me/Islam_Alkashif
IslamicLibrary5,https://t.me/IslamicLibrary5
Islamy2030,https://t.me/Islamy2030
IsnadPalestin,https://t.me/IsnadPalestin
Issamsaed_support,https://t.me/Issamsaed_support
JADARAH20,https://t.me/JADARAH20
JAEP02,https://t.me/JAEP02
JIHADdadi2020,https://t.me/JIHADdadi2020
JKVPN,https://t.me/JKVPN
JU57S,https://t.me/JU57S
Jalbani,https://t.me/Jalbani
Jarablous_Jarablous,https://t.me/Jarablous_Jarablous
JeelQbot,https://t.me/JeelQbot
Jobs400,https://t.me/Jobs400
JobsvacanciesinSyriaandTurkey,https://t.me/JobsvacanciesinSyriaandTurkey
Jobzsa_ads,https://t.me/Jobzsa_ads
Jokerbaggomla,https://t.me/Jokerbaggomla
Jokers48Bot,https://t.me/Jokers48Bot
JvzvJ,https://t.me/JvzvJ
KAU_STUDENTS1,https://t.me/KAU_STUDENTS1
KFU100,https://t.me/KFU100
KFU2022G,https://t.me/KFU2022G
KFU90,https://t.me/KFU90
KING_OF_ENG,https://t.me/KING_OF_ENG
KING_X69611,https://t.me/KING_X69611
KKUmain,https://t.me/KKUmain
KRATOS2001STORE,https://t.me/KRATOS2001STORE
Kamil_Trading_nobot4,https://t.me/Kamil_Trading_nobot4
KanzCom,https://t.me/KanzCom
Karar,https://t.me/Karar
KarbalaNewsNetwork3,https://t.me/KarbalaNewsNetwork3
Kefayat3am,https://t.me/Kefayat3am
KetoDietGroup,https://t.me/KetoDietGroup
Khalidabod,https://t.me/Khalidabod
Khalidruda,https://t.me/Khalidruda
Khodro_akhbar_admin1,https://t.me/Khodro_akhbar_admin1
Kholan1,https://t.me/Kholan1
Kianspecialeducation,https://t.me/Kianspecialeducation
Kjax_admins,https://t.me/Kjax_admins
KoTricks,https://t.me/KoTricks
Kodurat1,https://t.me/Kodurat1
Kodurat2,https://t.me/Kodurat2
Kodurat3,https://t.me/Kodurat3
Kodurat6,https://t.me/Kodurat6
KonoAnsarAllah,https://t.me/KonoAnsarAllah
Ksa_Jobs_Group,https://t.me/Ksa_Jobs_Group
Ksa_dorat_2030,https://t.me/Ksa_dorat_2030
LASAQR55,https://t.me/LASAQR55
LAVA_S1,https://t.me/LAVA_S1
LC_CE,https://t.me/LC_CE
LD_OC,https://t.me/LD_OC
L_alnader2,https://t.me/L_alnader2
Lametna1,https://t.me/Lametna1
LeaTrade1,https://t.me/LeaTrade1
LeakssTestss,https://t.me/LeakssTestss
Lele700m,https://t.me/Lele700m
Libya_Legal_Society,https://t.me/Libya_Legal_Society
LibyanTradersCommunity,https://t.me/LibyanTradersCommunity
Lina_ze,https://t.me/Lina_ze
LinkedIt_Careers_Bot,https://t.me/LinkedIt_Careers_Bot
Links_you_need,https://t.me/Links_you_need
LokaStory5568,https://t.me/LokaStory5568
LostGame,https://t.me/LostGame
LostGameClash,https://t.me/LostGameClash
Lotsdeals_bot,https://t.me/Lotsdeals_bot
M3i3x3,https://t.me/M3i3x3
M3rabenQiyas,https://t.me/M3rabenQiyas
M9BA7A,https://t.me/M9BA7A
MAGFULLMARKG3,https://t.me/MAGFULLMARKG3
MAH103MMED,https://t.me/MAH103MMED
MANAR_ROSHDY_MOAMED,https://t.me/MANAR_ROSHDY_MOAMED
MCQ_H,https://t.me/MCQ_H
MCRelations,https://t.me/MCRelations
MEDDOOO,https://t.me/MEDDOOO
MEDICA_LS,https://t.me/MEDICA_LS
MEDOGAMEING_90,https://t.me/MEDOGAMEING_90
MERforbooks237,https://t.me/MERforbooks237
MHCstore,https://t.me/MHCstore
MHN1_2023,https://t.me/MHN1_2023
MHNG1_2023,https://t.me/MHNG1_2023
MHN_2023,https://t.me/MHN_2023
MIX7Arabic,https://t.me/MIX7Arabic
MLT2024,https://t.me/MLT2024
MLT_2022,https://t.me/MLT_2022
MM95_95MM,https://t.me/MM95_95MM
MMEKYX,https://t.me/MMEKYX
MMMFi,https://t.me/MMMFi
MOB5267,https://t.me/MOB5267
MOH2004AM,https://t.me/MOH2004AM
MQFSTOR,https://t.me/MQFSTOR
MRKHEnglishT,https://t.me/MRKHEnglishT
MSK_Module,https://t.me/MSK_Module
MSS_7bot,https://t.me/MSS_7bot
MSoALA4654,https://t.me/MSoALA4654
MW_TW1,https://t.me/MW_TW1
M_Y_Y_5,https://t.me/M_Y_Y_5
M_aching,https://t.me/M_aching
M_mossaforyou9906,https://t.me/M_mossaforyou9906
Machine_learn,https://t.me/Machine_learn
Mahde_Ammar,https://t.me/Mahde_Ammar
Mahjoooobe,https://t.me/Mahjoooobe
Majdolin2023,https://t.me/Majdolin2023
Majeedseu,https://t.me/Majeedseu
MajidTradeEx,https://t.me/MajidTradeEx
Malaz_Alsh3raa,https://t.me/Malaz_Alsh3raa
ManarRoshdyMohamed,https://t.me/ManarRoshdyMohamed
Manar_Rohdy,https://t.me/Manar_Rohdy
Manga_Anime_House,https://t.me/Manga_Anime_House
Mariastep2,https://t.me/Mariastep2
Markat123456789https,https://t.me/Markat123456789https
Mashrou3_Dactoor,https://t.me/Mashrou3_Dactoor
Mawada_2027,https://t.me/Mawada_2027
Mazamiralsharqia_bot,https://t.me/Mazamiralsharqia_bot
Mazenal,https://t.me/Mazenal
Meaad_Alsareef,https://t.me/Meaad_Alsareef
MedBoss_Group,https://t.me/MedBoss_Group
MediaBank21,https://t.me/MediaBank21
MediaPremier1,https://t.me/MediaPremier1
Media_we_Archbot,https://t.me/Media_we_Archbot
MedicalLabPdf,https://t.me/MedicalLabPdf
Medical_Data_Channel,https://t.me/Medical_Data_Channel
Medical_Field,https://t.me/Medical_Field
Medical_Laboratory_1,https://t.me/Medical_Laboratory_1
Medical_Patna,https://t.me/Medical_Patna
Medical_Record,https://t.me/Medical_Record
Medical_professions,https://t.me/Medical_professions
Medical_sources1,https://t.me/Medical_sources1
MedicineIsEasy1,https://t.me/MedicineIsEasy1
MedicineWay_Group,https://t.me/MedicineWay_Group
Medicine_Way2,https://t.me/Medicine_Way2
Medicine_way_bot,https://t.me/Medicine_way_bot
Medroll,https://t.me/Medroll
Meemped,https://t.me/Meemped
Meempedagogical,https://t.me/Meempedagogical
Meempedagogical2024,https://t.me/Meempedagogical2024
Meempedagogical2025,https://t.me/Meempedagogical2025
Mego_offers,https://t.me/Mego_offers
Memclownsbot,https://t.me/Memclownsbot
Mention1993,https://t.me/Mention1993
MercifulHeartsOfficial,https://t.me/MercifulHeartsOfficial
Metals,https://t.me/Metals
MezlaC,https://t.me/MezlaC
Mfanni,https://t.me/Mfanni
Miayar,https://t.me/Miayar
Miayarr,https://t.me/Miayarr
MilitaryMediaY,https://t.me/MilitaryMediaY
Military_video_1,https://t.me/Military_video_1
MiningWay_bot,https://t.me/MiningWay_bot
MinshawiEncyclopedia,https://t.me/MinshawiEncyclopedia
Mj41_2021,https://t.me/Mj41_2021
Mktba505_bot,https://t.me/Mktba505_bot
MoAdmo_bot,https://t.me/MoAdmo_bot
ModarresiFarsi,https://t.me/ModarresiFarsi
MohamedToriaa,https://t.me/MohamedToriaa
Mohammed_AlRifai,https://t.me/Mohammed_AlRifai
Mohsen10199,https://t.me/Mohsen10199
Mohtadaa_Academy,https://t.me/Mohtadaa_Academy
Morestanblacklist88,https://t.me/Morestanblacklist88
Mosul_Mosul1,https://t.me/Mosul_Mosul1
MousighiGolha,https://t.me/MousighiGolha
MovieFact_DL,https://t.me/MovieFact_DL
Mr11OX,https://t.me/Mr11OX
MrLotfyZahran_bot,https://t.me/MrLotfyZahran_bot
Mr_Virus00,https://t.me/Mr_Virus00
MuhtrefSports,https://t.me/MuhtrefSports
Muslim_Duaa,https://t.me/Muslim_Duaa
Muslimchild1,https://t.me/Muslimchild1
Muslimfamilychannel,https://t.me/Muslimfamilychannel
MyBACPlus_bot,https://t.me/MyBACPlus_bot
My_channels_Saleh,https://t.me/My_channels_Saleh
My_jobb,https://t.me/My_jobb
N0ooralhuda2,https://t.me/N0ooralhuda2
N4N1N4N,https://t.me/N4N1N4N
NAOPlSSALGPARA,https://t.me/NAOPlSSALGPARA
NARGESm123,https://t.me/NARGESm123
NBzeroo,https://t.me/NBzeroo
NDGNN,https://t.me/NDGNN
NF_English1N,https://t.me/NF_English1N
NNIINBOT,https://t.me/NNIINBOT
N_S_G_T,https://t.me/N_S_G_T
Naba_20bn,https://t.me/Naba_20bn
NachDeutschland2023,https://t.me/NachDeutschland2023
Naf3Org,https://t.me/Naf3Org
Nahgenghlish22bot,https://t.me/Nahgenghlish22bot
NaifCHarTbackup,https://t.me/NaifCHarTbackup
Najaf_Lost,https://t.me/Najaf_Lost
Najafnow2,https://t.me/Najafnow2
Natayej_danshjoyane_tofan2,https://t.me/Natayej_danshjoyane_tofan2
NationalExamFiles,https://t.me/NationalExamFiles
NerdatBot,https://t.me/NerdatBot
NewQueen_bot,https://t.me/NewQueen_bot
Newton1998,https://t.me/Newton1998
NexSticer,https://t.me/NexSticer
Nightgeir,https://t.me/Nightgeir
NoSoS7,https://t.me/NoSoS7
Noqta_01,https://t.me/Noqta_01
Nora_Spa0,https://t.me/Nora_Spa0
O999OC,https://t.me/O999OC
OC6C6,https://t.me/OC6C6
OKX_Arabia,https://t.me/OKX_Arabia
OMORG,https://t.me/OMORG
OOOLTT,https://t.me/OOOLTT
OTCcourse,https://t.me/OTCcourse
OWContact_bot,https://t.me/OWContact_bot
OW_Fawasl,https://t.me/OW_Fawasl
OlxForex_Support,https://t.me/OlxForex_Support
OmHhlod,https://t.me/OmHhlod
OmarAlsubari,https://t.me/OmarAlsubari
OmarForexTrader,https://t.me/OmarForexTrader
OmarSaeed86,https://t.me/OmarSaeed86
One_Babylonn,https://t.me/One_Babylonn
Ophthalmology_Data,https://t.me/Ophthalmology_Data
OrSoZoXch,https://t.me/OrSoZoXch
Orhsoz,https://t.me/Orhsoz
Orys_Store,https://t.me/Orys_Store
OrzhansBot,https://t.me/OrzhansBot
Oumari_club1XC,https://t.me/Oumari_club1XC
PDF4BOOK,https://t.me/PDF4BOOK
PESFOOT,https://t.me/PESFOOT
PESFOOT_GROUP,https://t.me/PESFOOT_GROUP
PES_M_BOT,https://t.me/PES_M_BOT
PFS2410,https://t.me/PFS2410
PHARMA78,https://t.me/PHARMA78
PH_GIT,https://t.me/PH_GIT
PLPXL,https://t.me/PLPXL
PP1WP,https://t.me/PP1WP
PP_536,https://t.me/PP_536
PRMIOME,https://t.me/PRMIOME
PRMIOMI,https://t.me/PRMIOMI
PTShareOfficial,https://t.me/PTShareOfficial
PUBGstoreTV2,https://t.me/PUBGstoreTV2
P_A_B_1_O,https://t.me/P_A_B_1_O
P_F_S777,https://t.me/P_F_S777
P_lq_ii,https://t.me/P_lq_ii
PackFarsi,https://t.me/PackFarsi
Palestinecampqalandia,https://t.me/Palestinecampqalandia
Pediatric_Data,https://t.me/Pediatric_Data
Pediatriccollection8,https://t.me/Pediatriccollection8
PetroleumEngineeringReferences,https://t.me/PetroleumEngineeringReferences
Pharmacy_Library2,https://t.me/Pharmacy_Library2
Pharmacy_Students_Training,https://t.me/Pharmacy_Students_Training
Photoshoplessons,https://t.me/Photoshoplessons
PhysicalEducationandHealthy,https://t.me/PhysicalEducationandHealthy
Pishro_Academy,https://t.me/Pishro_Academy
Platinum1990,https://t.me/Platinum1990
PostGrad_Med,https://t.me/PostGrad_Med
Postgraduate_ksa,https://t.me/Postgraduate_ksa
ProxiatAr,https://t.me/ProxiatAr
ProxiatBot,https://t.me/ProxiatBot
ProxiatSupportBot,https://t.me/ProxiatSupportBot
Psiphon_FA_Bot,https://t.me/Psiphon_FA_Bot
PsychologistNourNouman,https://t.me/PsychologistNourNouman
Pua_Shop,https://t.me/Pua_Shop
Pulse211,https://t.me/Pulse211
QMA_MAIN,https://t.me/QMA_MAIN
QTAReadsG,https://t.me/QTAReadsG
Q_R_N9,https://t.me/Q_R_N9
Q_V610,https://t.me/Q_V610
QastalNews,https://t.me/QastalNews
Qawaam,https://t.me/Qawaam
QiyasSTEP,https://t.me/QiyasSTEP
Qotrss,https://t.me/Qotrss
QudsN,https://t.me/QudsN
QudsNen,https://t.me/QudsNen
QudsnMedia,https://t.me/QudsnMedia
Qudsn_Brk,https://t.me/Qudsn_Brk
Qudsn_hebrew,https://t.me/Qudsn_hebrew
Questions55,https://t.me/Questions55
QuizT7sile,https://t.me/QuizT7sile
Quodraat,https://t.me/Quodraat
Quote0me,https://t.me/Quote0me
Quran3sd,https://t.me/Quran3sd
Quran63bot,https://t.me/Quran63bot
QuranQuestions11,https://t.me/QuranQuestions11
QuranVoises,https://t.me/QuranVoises
Quran_Qr,https://t.me/Quran_Qr
Quran_Station,https://t.me/Quran_Station
Quran_tst,https://t.me/Quran_tst
Quranin1,https://t.me/Quranin1
RAEMAN1,https://t.me/RAEMAN1
RAEMAN3,https://t.me/RAEMAN3
RAEMAN_2,https://t.me/RAEMAN_2
REETVV240,https://t.me/REETVV240
RGNPlaylist,https://t.me/RGNPlaylist
RIP_FILR,https://t.me/RIP_FILR
RK_T7si,https://t.me/RK_T7si
RR6RQ,https://t.me/RR6RQ
R_E_M_9,https://t.me/R_E_M_9
R_W_N6,https://t.me/R_W_N6
RaX_ViP2,https://t.me/RaX_ViP2
Radi3424Bot,https://t.me/Radi3424Bot
Rahoveh,https://t.me/Rahoveh
Rambo_and_frens,https://t.me/Rambo_and_frens
Ramdan211,https://t.me/Ramdan211
Ramii33_New11,https://t.me/Ramii33_New11
Raw5aa,https://t.me/Raw5aa
Rawwda,https://t.me/Rawwda
Rayahin3,https://t.me/Rayahin3
Razik_Abdi_SAT,https://t.me/Razik_Abdi_SAT
Recruitmentinterview,https://t.me/Recruitmentinterview
Redaawwad,https://t.me/Redaawwad
Reemas_92,https://t.me/Reemas_92
RefugeeInfo,https://t.me/RefugeeInfo
Renal_Module,https://t.me/Renal_Module
Reproductive_M,https://t.me/Reproductive_M
Researchwriter1,https://t.me/Researchwriter1
Resp_Module,https://t.me/Resp_Module
Revenues_RoBot,https://t.me/Revenues_RoBot
RifqahOnline,https://t.me/RifqahOnline
RifqahOnline2,https://t.me/RifqahOnline2
RifqahOnline_bot,https://t.me/RifqahOnline_bot
RifqahRamadan1443,https://t.me/RifqahRamadan1443
RnTvYNouQxMzk0,https://t.me/RnTvYNouQxMzk0
Ronaldo_Clips,https://t.me/Ronaldo_Clips
Royy_tweets,https://t.me/Royy_tweets
Rwabet_Motashabehat,https://t.me/Rwabet_Motashabehat
SAFaquran,https://t.me/SAFaquran
SEU_S1,https://t.me/SEU_S1
SISTER191,https://t.me/SISTER191
SMFHAWKYT,https://t.me/SMFHAWKYT
SOFO_BV,https://t.me/SOFO_BV
SOME_Institutions,https://t.me/SOME_Institutions
STEP_511,https://t.me/STEP_511
STEP_5117,https://t.me/STEP_5117
STEP_512,https://t.me/STEP_512
ST_CO1,https://t.me/ST_CO1
SUDANESEBOOKS56,https://t.me/SUDANESEBOOKS56
SUPER_ElARB,https://t.me/SUPER_ElARB
SY8Ads,https://t.me/SY8Ads
SY8Bot,https://t.me/SY8Bot
S_13_S1,https://t.me/S_13_S1
SaBreaking,https://t.me/SaBreaking
SadsContactBot,https://t.me/SadsContactBot
SadsGroup,https://t.me/SadsGroup
SadsHelp,https://t.me/SadsHelp
SadsHelpEnglishbot,https://t.me/SadsHelpEnglishbot
SadsNoteBot,https://t.me/SadsNoteBot
SadsQuizesBot,https://t.me/SadsQuizesBot
SadsSupport,https://t.me/SadsSupport
SadsSupportbot,https://t.me/SadsSupportbot
Sadshelp,https://t.me/Sadshelp
SadshelpL,https://t.me/SadshelpL
Safaa_RS,https://t.me/Safaa_RS
Sagma000,https://t.me/Sagma000
Saheim7,https://t.me/Saheim7
SaidDorar,https://t.me/SaidDorar
SaiedCh,https://t.me/SaiedCh
Sal7lyBahrain,https://t.me/Sal7lyBahrain
Sal7lyEmirates,https://t.me/Sal7lyEmirates
Sal7lyKuwait,https://t.me/Sal7lyKuwait
Sal7lyOman,https://t.me/Sal7lyOman
Sal7lyQatar,https://t.me/Sal7lyQatar
Sal7lySaudi,https://t.me/Sal7lySaudi
Saleh_sa23,https://t.me/Saleh_sa23
SanshiroCrew,https://t.me/SanshiroCrew
SarahaMl_Bot,https://t.me/SarahaMl_Bot
Saray2aj,https://t.me/Saray2aj
Sarayajenin,https://t.me/Sarayajenin
Saudi_Education,https://t.me/Saudi_Education
Sawteyaaatbot,https://t.me/Sawteyaaatbot
SawtiatSherifAli,https://t.me/SawtiatSherifAli
Scholarshtea,https://t.me/Scholarshtea
Science_2022bot,https://t.me/Science_2022bot
Sciencemf123,https://t.me/Sciencemf123
Sciencemrn6,https://t.me/Sciencemrn6
Secondary_With_Feras,https://t.me/Secondary_With_Feras
SendHarfBot,https://t.me/SendHarfBot
SeriesMoviesguideNt,https://t.me/SeriesMoviesguideNt
Sex_stories66,https://t.me/Sex_stories66
Sexxy_dance2,https://t.me/Sexxy_dance2
ShWhatss,https://t.me/ShWhatss
Sh_gaza,https://t.me/Sh_gaza
Sha_Sha_1,https://t.me/Sha_Sha_1
Shaheenstor20,https://t.me/Shaheenstor20
ShahidDe,https://t.me/ShahidDe
Shamnews_bot,https://t.me/Shamnews_bot
Sheikh_Tariq,https://t.me/Sheikh_Tariq
Sheikhmuhammedzainadam,https://t.me/Sheikhmuhammedzainadam
Shieldofsuperiority1,https://t.me/Shieldofsuperiority1
Shieldofsuperiority12,https://t.me/Shieldofsuperiority12
Shieldofsuperiority1_bot,https://t.me/Shieldofsuperiority1_bot
Shoppingmall01care,https://t.me/Shoppingmall01care
Shrslan,https://t.me/Shrslan
Sila,https://t.me/Sila
SilyxOfficial,https://t.me/SilyxOfficial
SkyMovies_1,https://t.me/SkyMovies_1
SocialWelfareIraq,https://t.me/SocialWelfareIraq
SonnaReadsG,https://t.me/SonnaReadsG
Sonnwaathar,https://t.me/Sonnwaathar
Sooq_Albasra,https://t.me/Sooq_Albasra
Sooq_aljameah,https://t.me/Sooq_aljameah
SssDddAaa4,https://t.me/SssDddAaa4
StateofIsraelOfficial,https://t.me/StateofIsraelOfficial
Student_mousl,https://t.me/Student_mousl
Study_UnivDz58,https://t.me/Study_UnivDz58
SuGaRx_Live,https://t.me/SuGaRx_Live
Sudan_Job,https://t.me/Sudan_Job
SuggestionsBooks_bot,https://t.me/SuggestionsBooks_bot
Surgery_Data,https://t.me/Surgery_Data
Swedea_2025,https://t.me/Swedea_2025
SyriaTec44,https://t.me/SyriaTec44
Syrian_Arab_R3public,https://t.me/Syrian_Arab_R3public
Syrian_Arab_Republic_Library,https://t.me/Syrian_Arab_Republic_Library
Syrian_Revolutionn,https://t.me/Syrian_Revolutionn
T1bot1s,https://t.me/T1bot1s
T7sely,https://t.me/T7sely
T7sile,https://t.me/T7sile
TAqhjT3MFVE1Yzk0,https://t.me/TAqhjT3MFVE1Yzk0
TEAMFITRAABOT,https://t.me/TEAMFITRAABOT
TEAM_ALKAPOS,https://t.me/TEAM_ALKAPOS
TICKETCINEMA1,https://t.me/TICKETCINEMA1
TIIDD,https://t.me/TIIDD
TIMOR1_1,https://t.me/TIMOR1_1
TIMOR2_2,https://t.me/TIMOR2_2
TSHAKETEAM,https://t.me/TSHAKETEAM
TSRBA2022,https://t.me/TSRBA2022
TT0BOT,https://t.me/TT0BOT
TTFFGBOT,https://t.me/TTFFGBOT
TTTHT,https://t.me/TTTHT
TTUOOP,https://t.me/TTUOOP
TU_TaifUniversity,https://t.me/TU_TaifUniversity
TVTC20Jobs,https://t.me/TVTC20Jobs
TYTOls,https://t.me/TYTOls
TYTYYID,https://t.me/TYTYYID
T_U_m_1,https://t.me/T_U_m_1
Ta3alm_Communicationbot,https://t.me/Ta3alm_Communicationbot
Ta3alm_Secondarybot,https://t.me/Ta3alm_Secondarybot
Tablighatfood_kade1,https://t.me/Tablighatfood_kade1
Tadabarwahfaz,https://t.me/Tadabarwahfaz
TafseerReads,https://t.me/TafseerReads
TahrirPulse1,https://t.me/TahrirPulse1
TajAltheker,https://t.me/TajAltheker
TajulKaramahBot,https://t.me/TajulKaramahBot
TajweedQuran7,https://t.me/TajweedQuran7
Tamaridyano,https://t.me/Tamaridyano
Tamaridyano_1,https://t.me/Tamaridyano_1
Tamaridyano_2,https://t.me/Tamaridyano_2
Tamaridyano_3,https://t.me/Tamaridyano_3
Tammoun_bot,https://t.me/Tammoun_bot
TansiqMhn_2025_2025,https://t.me/TansiqMhn_2025_2025
TasiyanOwner,https://t.me/TasiyanOwner
Teachers_Syrian_Bot,https://t.me/Teachers_Syrian_Bot
Team_Dr_HOopa,https://t.me/Team_Dr_HOopa
Technohix,https://t.me/Technohix
Teext_post,https://t.me/Teext_post
TefTeacher,https://t.me/TefTeacher
TendersinSyriaandTurkey,https://t.me/TendersinSyriaandTurkey
Text_Yassine,https://t.me/Text_Yassine
TheBo0kN0ok,https://t.me/TheBo0kN0ok
TheNR369,https://t.me/TheNR369
TheSaqrStore,https://t.me/TheSaqrStore
The_Names_of_Allah_1,https://t.me/The_Names_of_Allah_1
Thejobs1,https://t.me/Thejobs1
Third321275BOT,https://t.me/Third321275BOT
Tilawatalharamain_bot,https://t.me/Tilawatalharamain_bot
To_To55,https://t.me/To_To55
TodayIQ1bot,https://t.me/TodayIQ1bot
Tofaaane,https://t.me/Tofaaane
Tooofane,https://t.me/Tooofane
TorrentSeriess,https://t.me/TorrentSeriess
Trading_Titans_Supportt,https://t.me/Trading_Titans_Supportt
TrainingcoursesinSyriaandTurkey,https://t.me/TrainingcoursesinSyriaandTurkey
Trainings_and_courses,https://t.me/Trainings_and_courses
Trbwy2030,https://t.me/Trbwy2030
Trick_10,https://t.me/Trick_10
Tsmam07,https://t.me/Tsmam07
Tsrebatbankalgdrat,https://t.me/Tsrebatbankalgdrat
Tube_wbot,https://t.me/Tube_wbot
Turki155,https://t.me/Turki155
Turkish556,https://t.me/Turkish556
Twasolmohsen,https://t.me/Twasolmohsen
Twasolpalaml_bot,https://t.me/Twasolpalaml_bot
UMAS21TAHEEL,https://t.me/UMAS21TAHEEL
USF_SU_All_Colleges_bot,https://t.me/USF_SU_All_Colleges_bot
USFsanabot,https://t.me/USFsanabot
USFyemen0_bot,https://t.me/USFyemen0_bot
USMLE_For_Arab,https://t.me/USMLE_For_Arab
USMLE_World_in_Yemen,https://t.me/USMLE_World_in_Yemen
USVisaXP,https://t.me/USVisaXP
UU22UUU2,https://t.me/UU22UUU2
UUOOOOOOUO,https://t.me/UUOOOOOOUO
UUOOOOOOUU,https://t.me/UUOOOOOOUU
UUU10K,https://t.me/UUU10K
UglyPrescriptionsBot,https://t.me/UglyPrescriptionsBot
UnFW0aSHQMM4MzA8,https://t.me/UnFW0aSHQMM4MzA8
VET_Ahmad_Asaad,https://t.me/VET_Ahmad_Asaad
VP_7E,https://t.me/VP_7E
VahuShop,https://t.me/VahuShop
VibeinAhang_bot,https://t.me/VibeinAhang_bot
Vital_directions,https://t.me/Vital_directions
VpnTV,https://t.me/VpnTV
WAArchitects,https://t.me/WAArchitects
WAVES196,https://t.me/WAVES196
WMIWW,https://t.me/WMIWW
WallWallet_bot,https://t.me/WallWallet_bot
WarsLeaks,https://t.me/WarsLeaks
We_ARCH22,https://t.me/We_ARCH22
WelcometoStudu,https://t.me/WelcometoStudu
WerdukaAlqurany,https://t.me/WerdukaAlqurany
WifiDroid,https://t.me/WifiDroid
Windy_212,https://t.me/Windy_212
WithinU2,https://t.me/WithinU2
WormBookss,https://t.me/WormBookss
Wounds_AshuraOne,https://t.me/Wounds_AshuraOne
X05_X,https://t.me/X05_X
X4X_Xxx,https://t.me/X4X_Xxx
X4_ns,https://t.me/X4_ns
XHS54,https://t.me/XHS54
XHS55,https://t.me/XHS55
XHSS57,https://t.me/XHSS57
XKEKDO1,https://t.me/XKEKDO1
XYX_2,https://t.me/XYX_2
XiaomiMagic_DC,https://t.me/XiaomiMagic_DC
Xiaomi_Magic,https://t.me/Xiaomi_Magic
Xinghhw,https://t.me/Xinghhw
YASSINE_TRADESS,https://t.me/YASSINE_TRADESS
YC_AV,https://t.me/YC_AV
YEMEGOLD,https://t.me/YEMEGOLD
YEMEN_RMC_21,https://t.me/YEMEN_RMC_21
YO_YW,https://t.me/YO_YW
YYTOBTbot,https://t.me/YYTOBTbot
YYU1RTBOT,https://t.me/YYU1RTBOT
YYnnurYbot,https://t.me/YYnnurYbot
Yanabee,https://t.me/Yanabee
Yaseen_Al_kabi,https://t.me/Yaseen_Al_kabi
YemenWrath,https://t.me/YemenWrath
Yiiiio,https://t.me/Yiiiio
YourKidsG,https://t.me/YourKidsG
YourWay2STEP,https://t.me/YourWay2STEP
Youssef_Al_Ezzi2,https://t.me/Youssef_Al_Ezzi2
Youssifpharma,https://t.me/Youssifpharma
Z87BN,https://t.me/Z87BN
Zaem_S1,https://t.me/Zaem_S1
Zahraweenbot,https://t.me/Zahraweenbot
Zakir_AlHanafi,https://t.me/Zakir_AlHanafi
Zamel_Al_Laith,https://t.me/Zamel_Al_Laith
Zawamelalith2,https://t.me/Zawamelalith2
Zoaml200,https://t.me/Zoaml200
Zolinet,https://t.me/Zolinet
Zwamlalmasodi,https://t.me/Zwamlalmasodi
a11gl1,https://t.me/a11gl1
a3vcr,https://t.me/a3vcr
a56s4,https://t.me/a56s4
a7mdovSYR,https://t.me/a7mdovSYR
a7rarfr3onn,https://t.me/a7rarfr3onn
a7rarjenin,https://t.me/a7rarjenin
a7rarjeninn,https://t.me/a7rarjeninn
a7rartullkarm,https://t.me/a7rartullkarm
aAliKamal,https://t.me/aAliKamal
a_Ali23,https://t.me/a_Ali23
a_t_basha,https://t.me/a_t_basha
a_z9_9999,https://t.me/a_z9_9999
aaaaaaaaaabaaby,https://t.me/aaaaaaaaaabaaby
aaer7,https://t.me/aaer7
aamohmad,https://t.me/aamohmad
aarrhh772006404,https://t.me/aarrhh772006404
aasssaawd,https://t.me/aasssaawd
abas_9999,https://t.me/abas_9999
abdalah_hr,https://t.me/abdalah_hr
abdulahh1410,https://t.me/abdulahh1410
abdulwadood01,https://t.me/abdulwadood01
abdulwadood2007top,https://t.me/abdulwadood2007top
abnsoliman99,https://t.me/abnsoliman99
abo_kees517,https://t.me/abo_kees517
aboalokaha2,https://t.me/aboalokaha2
aboasid19,https://t.me/aboasid19
abwaabirq,https://t.me/abwaabirq
accounting_Pd,https://t.me/accounting_Pd
acdemyzainaletqaan,https://t.me/acdemyzainaletqaan
adamkdrxx,https://t.me/adamkdrxx
addlist,https://t.me/addlist
adognm123321,https://t.me/adognm123321
aema1992,https://t.me/aema1992
afido_almujtama,https://t.me/afido_almujtama
afjgw,https://t.me/afjgw
aflam22552,https://t.me/aflam22552
aflamhindea,https://t.me/aflamhindea
ahang_contact,https://t.me/ahang_contact
ahlamshbeta1,https://t.me/ahlamshbeta1
ahm1f_bot,https://t.me/ahm1f_bot
ahmad509n,https://t.me/ahmad509n
ahmad_belkair,https://t.me/ahmad_belkair
ahmadvip2,https://t.me/ahmadvip2
ahmadvip8,https://t.me/ahmadvip8
ahmed1_turki,https://t.me/ahmed1_turki
ahmedalbably,https://t.me/ahmedalbably
ahmedology7,https://t.me/ahmedology7
ahrar_qalqilia,https://t.me/ahrar_qalqilia
ahrarnablus,https://t.me/ahrarnablus
ahrarnoorsams20,https://t.me/ahrarnoorsams20
ahrartullkarm,https://t.me/ahrartullkarm
airdropssechats,https://t.me/airdropssechats
aishowo,https://t.me/aishowo
aiwr11,https://t.me/aiwr11
ajr_bashar,https://t.me/ajr_bashar
akake12,https://t.me/akake12
al3baqara,https://t.me/al3baqara
al7akdah,https://t.me/al7akdah
al_arabya,https://t.me/al_arabya
al_hedaya_sharah_bedaya,https://t.me/al_hedaya_sharah_bedaya
al_hussary222,https://t.me/al_hussary222
al_mayameen14_PNG,https://t.me/al_mayameen14_PNG
al_raw1,https://t.me/al_raw1
alalamarabic,https://t.me/alalamarabic
alasmyhiaaen,https://t.me/alasmyhiaaen
alathar,https://t.me/alathar
alborhansa,https://t.me/alborhansa
aldoryalg,https://t.me/aldoryalg
ale5tyarquiz_bot,https://t.me/ale5tyarquiz_bot
aleamaliaat_aleaskariaa,https://t.me/aleamaliaat_aleaskariaa
aleff1,https://t.me/aleff1
alentedar,https://t.me/alentedar
aleppoo000000000,https://t.me/aleppoo000000000
alforat_tv2,https://t.me/alforat_tv2
alforgan_net,https://t.me/alforgan_net
algazaar1,https://t.me/algazaar1
alghmedi2030,https://t.me/alghmedi2030
alhadahtbalata,https://t.me/alhadahtbalata
alhahdalshpe,https://t.me/alhahdalshpe
alhakaami,https://t.me/alhakaami
alhalaby88,https://t.me/alhalaby88
alhawraazinab,https://t.me/alhawraazinab
alhazainx,https://t.me/alhazainx
alhilal12k,https://t.me/alhilal12k
alhodh,https://t.me/alhodh
alhosaree,https://t.me/alhosaree
alialhashimi511,https://t.me/alialhashimi511
alialrekabi313,https://t.me/alialrekabi313
alirezamehrabi_com,https://t.me/alirezamehrabi_com
alittihad1,https://t.me/alittihad1
alkulife,https://t.me/alkulife
almaaqalbot,https://t.me/almaaqalbot
almaktaaaba,https://t.me/almaktaaaba
almanahj_bot,https://t.me/almanahj_bot
almanhum,https://t.me/almanhum
almashhad_sd,https://t.me/almashhad_sd
almasira1,https://t.me/almasira1
almasirah2,https://t.me/almasirah2
almirathfr,https://t.me/almirathfr
almkhfii,https://t.me/almkhfii
almkhfiiqudorat,https://t.me/almkhfiiqudorat
almogayeree2,https://t.me/almogayeree2
almohandsllsyana,https://t.me/almohandsllsyana
almoshtaglljanah,https://t.me/almoshtaglljanah
almuhjabagmla,https://t.me/almuhjabagmla
alnafs,https://t.me/alnafs
alnebras_Books,https://t.me/alnebras_Books
alpha_chat_t,https://t.me/alpha_chat_t
alqayim_almahdibot,https://t.me/alqayim_almahdibot
alraayHD2022,https://t.me/alraayHD2022
alshake123,https://t.me/alshake123
alshamii011,https://t.me/alshamii011
alsoviani,https://t.me/alsoviani
alsovviiaannyy,https://t.me/alsovviiaannyy
altabaay5,https://t.me/altabaay5
altaseelalelmi_bot,https://t.me/altaseelalelmi_bot
altmayz1,https://t.me/altmayz1
altnafsy2026,https://t.me/altnafsy2026
alyahyalshahada,https://t.me/alyahyalshahada
alyomaltqafy,https://t.me/alyomaltqafy
amanyvip,https://t.me/amanyvip
amar_iielamisahafiun,https://t.me/amar_iielamisahafiun
amerbahjat,https://t.me/amerbahjat
amerwna,https://t.me/amerwna
amerwna2030,https://t.me/amerwna2030
amgad_samir_sounds,https://t.me/amgad_samir_sounds
amola27,https://t.me/amola27
amralp255,https://t.me/amralp255
amroelbosaty,https://t.me/amroelbosaty
an2006404,https://t.me/an2006404
anas_haqani2,https://t.me/anas_haqani2
anashyd_313,https://t.me/anashyd_313
andlous_kw,https://t.me/andlous_kw
anime2uu,https://t.me/anime2uu
anime_ar,https://t.me/anime_ar
animeibra1,https://t.me/animeibra1
anr772006404,https://t.me/anr772006404
apkmodsandroids,https://t.me/apkmodsandroids
apkpurechannel,https://t.me/apkpurechannel
applyscholars,https://t.me/applyscholars
arabia2vb,https://t.me/arabia2vb
arabichakim3,https://t.me/arabichakim3
arabicnoorali,https://t.me/arabicnoorali
arabiia,https://t.me/arabiia
arbiq2026,https://t.me/arbiq2026
archivasSEU,https://t.me/archivasSEU
archivesSEU,https://t.me/archivesSEU
archiveswaad,https://t.me/archiveswaad
archspdf,https://t.me/archspdf
areen3_jenin,https://t.me/areen3_jenin
areennablus3,https://t.me/areennablus3
arh772006404,https://t.me/arh772006404
arihnabhayablal,https://t.me/arihnabhayablal
arjanperfume,https://t.me/arjanperfume
arsenalgooals,https://t.me/arsenalgooals
as_aea,https://t.me/as_aea
asanfillter_group,https://t.me/asanfillter_group
asansir_ala_aljana2,https://t.me/asansir_ala_aljana2
asela3azhar,https://t.me/asela3azhar
asheghanebarcatopic,https://t.me/asheghanebarcatopic
asiandramasinarabic,https://t.me/asiandramasinarabic
asmanbgd,https://t.me/asmanbgd
asranews1,https://t.me/asranews1
asraralsala,https://t.me/asraralsala
assdidi,https://t.me/assdidi
atherheitheem,https://t.me/atherheitheem
atliete,https://t.me/atliete
atraheb3,https://t.me/atraheb3
audenquizz,https://t.me/audenquizz
audiobooks_new,https://t.me/audiobooks_new
aulla_mh9,https://t.me/aulla_mh9
aulooom,https://t.me/aulooom
awladhashem,https://t.me/awladhashem
awladrezk,https://t.me/awladrezk
awn21,https://t.me/awn21
ax_qc,https://t.me/ax_qc
axovx,https://t.me/axovx
ayatbinat1,https://t.me/ayatbinat1
ayhamnbeaa,https://t.me/ayhamnbeaa
ayselsocks,https://t.me/ayselsocks
aywmy2020,https://t.me/aywmy2020
azmoonestekhdamii,https://t.me/azmoonestekhdamii
b1111111222,https://t.me/b1111111222
b313alii,https://t.me/b313alii
b7bot,https://t.me/b7bot
b_al_o,https://t.me/b_al_o
babakzanjani1,https://t.me/babakzanjani1
babalhavaejj1384,https://t.me/babalhavaejj1384
bac_gestion7,https://t.me/bac_gestion7
bac_withmustapha,https://t.me/bac_withmustapha
bacdz3,https://t.me/bacdz3
bacwithselsabilez,https://t.me/bacwithselsabilez
badrih06,https://t.me/badrih06
badrih_06q,https://t.me/badrih_06q
badss_ad,https://t.me/badss_ad
bahith_pdf,https://t.me/bahith_pdf
bahith_word,https://t.me/bahith_word
bankaii1290,https://t.me/bankaii1290
barsha_Gool,https://t.me/barsha_Gool
bashaerTL,https://t.me/bashaerTL
basma_samir1612,https://t.me/basma_samir1612
basradoctor,https://t.me/basradoctor
basrahvacancies,https://t.me/basrahvacancies
bayanmediavoice,https://t.me/bayanmediavoice
bboy7370,https://t.me/bboy7370
bc_x6,https://t.me/bc_x6
bdhhdjkehjje,https://t.me/bdhhdjkehjje
begoo,https://t.me/begoo
beirutfashion,https://t.me/beirutfashion
beta188,https://t.me/beta188
bi3bjemla,https://t.me/bi3bjemla
bi3ochribejemla,https://t.me/bi3ochribejemla
billionaire16,https://t.me/billionaire16
bilogysomood,https://t.me/bilogysomood
binothaimeen,https://t.me/binothaimeen
bitgoldads,https://t.me/bitgoldads
blackRay,https://t.me/blackRay
bokharywamoslim,https://t.me/bokharywamoslim
bookforbooks,https://t.me/bookforbooks
books_clubinvest99,https://t.me/books_clubinvest99
booksloversss,https://t.me/booksloversss
boorsnamdar,https://t.me/boorsnamdar
boost,https://t.me/boost
bottts77,https://t.me/bottts77
braeguy,https://t.me/braeguy
brandsandmore12345,https://t.me/brandsandmore12345
btqatt,https://t.me/btqatt
bubbles2028,https://t.me/bubbles2028
buiyn,https://t.me/buiyn
bybasel,https://t.me/bybasel
c,https://t.me/c
c77m1,https://t.me/c77m1
c7_7c7,https://t.me/c7_7c7
cBotValley,https://t.me/cBotValley
capitano_robert_bot,https://t.me/capitano_robert_bot
cartoonatislamya,https://t.me/cartoonatislamya
carver_group,https://t.me/carver_group
cc_o_k,https://t.me/cc_o_k
cccjo1,https://t.me/cccjo1
ccepo_1,https://t.me/ccepo_1
ce4icourses,https://t.me/ce4icourses
ch1_sa,https://t.me/ch1_sa
ch2_123,https://t.me/ch2_123
ch3_3,https://t.me/ch3_3
ch_2_2_ksa,https://t.me/ch_2_2_ksa
ch_ksa3,https://t.me/ch_ksa3
channalnerkh,https://t.me/channalnerkh
chat_free_net,https://t.me/chat_free_net
chatputak,https://t.me/chatputak
chbihiilham1,https://t.me/chbihiilham1
chemist2030,https://t.me/chemist2030
cimemastation,https://t.me/cimemastation
cinematicbooks,https://t.me/cinematicbooks
class_chem,https://t.me/class_chem
cluesronaldo,https://t.me/cluesronaldo
cme9446,https://t.me/cme9446
commashort,https://t.me/commashort
computerusf2018,https://t.me/computerusf2018
conan_kn,https://t.me/conan_kn
connecttechnology,https://t.me/connecttechnology
connecttechnologyplus,https://t.me/connecttechnologyplus
coolry100,https://t.me/coolry100
coolry901,https://t.me/coolry901
cosmotahsil,https://t.me/cosmotahsil
coursst,https://t.me/coursst
crogamBot,https://t.me/crogamBot
crypto_currencyME,https://t.me/crypto_currencyME
cryptooworldchat,https://t.me/cryptooworldchat
csv_1,https://t.me/csv_1
cx_i2i,https://t.me/cx_i2i
cxxxxxfxOaG7B6t6Y1MTFk,https://t.me/cxxxxxfxOaG7B6t6Y1MTFk
cyber_almot,https://t.me/cyber_almot
d3_3600,https://t.me/d3_3600
d3san11,https://t.me/d3san11
dVlpAhmed,https://t.me/dVlpAhmed
d_31_2,https://t.me/d_31_2
d_31_22,https://t.me/d_31_22
d_32_2,https://t.me/d_32_2
dabircode,https://t.me/dabircode
dah7eah,https://t.me/dah7eah
dama22325,https://t.me/dama22325
dar_almandumah,https://t.me/dar_almandumah
daralmanzma,https://t.me/daralmanzma
dawa2030,https://t.me/dawa2030
dc1996t,https://t.me/dc1996t
dcdccc,https://t.me/dcdccc
dddlb,https://t.me/dddlb
ddds_d,https://t.me/ddds_d
dealsdzbot,https://t.me/dealsdzbot
deheeh12,https://t.me/deheeh12
dentalhopepros,https://t.me/dentalhopepros
dexon1_iq,https://t.me/dexon1_iq
dibprono,https://t.me/dibprono
dijlatv,https://t.me/dijlatv
dikharnews,https://t.me/dikharnews
dinia20,https://t.me/dinia20
dj_taha1,https://t.me/dj_taha1
dlIIIIl,https://t.me/dlIIIIl
dlIIIl,https://t.me/dlIIIl
do966,https://t.me/do966
doctorhypo,https://t.me/doctorhypo
dohamomhamed,https://t.me/dohamomhamed
dontRepeatYourself,https://t.me/dontRepeatYourself
doratm1,https://t.me/doratm1
doratm4,https://t.me/doratm4
doratx2,https://t.me/doratx2
doratx3,https://t.me/doratx3
dorehamiPnu100,https://t.me/dorehamiPnu100
doros_alkulify,https://t.me/doros_alkulify
dr_English1,https://t.me/dr_English1
drasatolya,https://t.me/drasatolya
drissse,https://t.me/drissse
droidHC,https://t.me/droidHC
droit1erdz,https://t.me/droit1erdz
drosabdesalamalshuwaier,https://t.me/drosabdesalamalshuwaier
drosdrBbot,https://t.me/drosdrBbot
drosmmmageed,https://t.me/drosmmmageed
dryasinaladl,https://t.me/dryasinaladl
dt6bot,https://t.me/dt6bot
duiil1,https://t.me/duiil1
duorar,https://t.me/duorar
durov,https://t.me/durov
dxn1Addresses,https://t.me/dxn1Addresses
e0xio,https://t.me/e0xio
e_courses_cs,https://t.me/e_courses_cs
e_rtiqa,https://t.me/e_rtiqa
easyenglishoo,https://t.me/easyenglishoo
ebn_elqym,https://t.me/ebn_elqym
ebreez2,https://t.me/ebreez2
educourses1,https://t.me/educourses1
eduuiq,https://t.me/eduuiq
ehabtvofficial,https://t.me/ehabtvofficial
ehyaa7,https://t.me/ehyaa7
ehyaa77,https://t.me/ehyaa77
eibarat_alsadaqa,https://t.me/eibarat_alsadaqa
eipo0o,https://t.me/eipo0o
elbankeeer,https://t.me/elbankeeer
elearningIUG,https://t.me/elearningIUG
eleulmasho,https://t.me/eleulmasho
elgamalacc2,https://t.me/elgamalacc2
eliitradesupport,https://t.me/eliitradesupport
elitehistoryquiz,https://t.me/elitehistoryquiz
elmenshawy22,https://t.me/elmenshawy22
elmenshawy222,https://t.me/elmenshawy222
elmmlka1xg,https://t.me/elmmlka1xg
elnemr_000,https://t.me/elnemr_000
elsoltanafashionwear,https://t.me/elsoltanafashionwear
eman2e,https://t.me/eman2e
emle2,https://t.me/emle2
emy285,https://t.me/emy285
engala1,https://t.me/engala1
eolingerie,https://t.me/eolingerie
estekhdami99_99,https://t.me/estekhdami99_99
estekhdamino,https://t.me/estekhdamino
esudanjobs,https://t.me/esudanjobs
etewft,https://t.me/etewft
exam_sdBot,https://t.me/exam_sdBot
examsy,https://t.me/examsy
exr79,https://t.me/exr79
extra_stoore,https://t.me/extra_stoore
exzoon1,https://t.me/exzoon1
fahad_ali_alshehri,https://t.me/fahad_ali_alshehri
fahadalkastaban,https://t.me/fahadalkastaban
faharis90,https://t.me/faharis90
fahrsol,https://t.me/fahrsol
fai_96,https://t.me/fai_96
falmingmanar76,https://t.me/falmingmanar76
falnartrukatharan,https://t.me/falnartrukatharan
fara2idrykm,https://t.me/fara2idrykm
faraacamp,https://t.me/faraacamp
farzadfereidooni,https://t.me/farzadfereidooni
fas96al,https://t.me/fas96al
faselclub,https://t.me/faselclub
fat8m7,https://t.me/fat8m7
fatmahialqbushi,https://t.me/fatmahialqbushi
fay591,https://t.me/fay591
fayalali,https://t.me/fayalali
feesibalalmhda313,https://t.me/feesibalalmhda313
femalethebest,https://t.me/femalethebest
fffuuvvvvv,https://t.me/fffuuvvvvv
ffttrr1,https://t.me/ffttrr1
fhf10000,https://t.me/fhf10000
fhnkogfr6,https://t.me/fhnkogfr6
fi282_pee,https://t.me/fi282_pee
fifth_5_class,https://t.me/fifth_5_class
fitiuu,https://t.me/fitiuu
five_perks_bot,https://t.me/five_perks_bot
flakavfsk,https://t.me/flakavfsk
foo_dy,https://t.me/foo_dy
footballislifebybasel,https://t.me/footballislifebybasel
foras_aleppo,https://t.me/foras_aleppo
foras_aleppoo,https://t.me/foras_aleppoo
forex_najaf,https://t.me/forex_najaf
forsah2tataw,https://t.me/forsah2tataw
fpl_iraq,https://t.me/fpl_iraq
franceyyy1,https://t.me/franceyyy1
free_net_maroc_45,https://t.me/free_net_maroc_45
freecodes4u,https://t.me/freecodes4u
freelixar,https://t.me/freelixar
fu1sa,https://t.me/fu1sa
furatIQ,https://t.me/furatIQ
furnituregg,https://t.me/furnituregg
fxbalA,https://t.me/fxbalA
fxnewsupport,https://t.me/fxnewsupport
g_gygg,https://t.me/g_gygg
gamalwatch,https://t.me/gamalwatch
gayamallal,https://t.me/gayamallal
geem2001,https://t.me/geem2001
geminlp,https://t.me/geminlp
genave_kala88,https://t.me/genave_kala88
get_from2026,https://t.me/get_from2026
getar8,https://t.me/getar8
getinfo,https://t.me/getinfo
gfff35,https://t.me/gfff35
gg_math,https://t.me/gg_math
ggbb231,https://t.me/ggbb231
ggg_2030,https://t.me/ggg_2030
ggg_mg,https://t.me/ggg_mg
ggg_reg,https://t.me/ggg_reg
ghhtdchg,https://t.me/ghhtdchg
ghonder8,https://t.me/ghonder8
gigi_stor,https://t.me/gigi_stor
girlsreeeem,https://t.me/girlsreeeem
gmalll,https://t.me/gmalll
goals_99,https://t.me/goals_99
goetheb1b2,https://t.me/goetheb1b2
goetheosdB1B2,https://t.me/goetheosdB1B2
goldenfashion11,https://t.me/goldenfashion11
gool_259,https://t.me/gool_259
goucityalbaath,https://t.me/goucityalbaath
gpbv770tg,https://t.me/gpbv770tg
grandmasteramjad,https://t.me/grandmasteramjad
graphic_designersss,https://t.me/graphic_designersss
grosdecolive,https://t.me/grosdecolive
group2024med,https://t.me/group2024med
groupbankalqoudrat,https://t.me/groupbankalqoudrat
groupmedicine,https://t.me/groupmedicine
gudrathemma,https://t.me/gudrathemma
h5jbot,https://t.me/h5jbot
h7rstor,https://t.me/h7rstor
hadith_nabawi1,https://t.me/hadith_nabawi1
haiderkndi3,https://t.me/haiderkndi3
hamood692001,https://t.me/hamood692001
hams1102020,https://t.me/hams1102020
hanan_happiness,https://t.me/hanan_happiness
harddisk_ktb,https://t.me/harddisk_ktb
harrooz_mailbox,https://t.me/harrooz_mailbox
hasop2026,https://t.me/hasop2026
hassan_sami25,https://t.me/hassan_sami25
hassanclasses,https://t.me/hassanclasses
hatiusa,https://t.me/hatiusa
hawarneshinan,https://t.me/hawarneshinan
hazempress,https://t.me/hazempress
hd1kf,https://t.me/hd1kf
hdvej2,https://t.me/hdvej2
heIIo_3,https://t.me/heIIo_3
helath,https://t.me/helath
helping_researchers,https://t.me/helping_researchers
helwan_uni1,https://t.me/helwan_uni1
hfdbio1,https://t.me/hfdbio1
hhhsmnq2026y,https://t.me/hhhsmnq2026y
hhhuuu0,https://t.me/hhhuuu0
hhkra074bot,https://t.me/hhkra074bot
hibadesign,https://t.me/hibadesign
hiddenlockteamg,https://t.me/hiddenlockteamg
hifzqurani,https://t.me/hifzqurani
higesuc1,https://t.me/higesuc1
histamingaol,https://t.me/histamingaol
hjjhhhjjnkkjhgg1234,https://t.me/hjjhhhjjnkkjhgg1234
hndy1a,https://t.me/hndy1a
ho3ino0,https://t.me/ho3ino0
hodifaebrahim,https://t.me/hodifaebrahim
holyquranfull,https://t.me/holyquranfull
hossam01011,https://t.me/hossam01011
hotvoucher_ir,https://t.me/hotvoucher_ir
hpress,https://t.me/hpress
hrgksa,https://t.me/hrgksa
hroonAhm,https://t.me/hroonAhm
hsjzjdk3738hdjelJdaszxjei55hdjsk,https://t.me/hsjzjdk3738hdjelJdaszxjei55hdjsk
hsksiwskssw,https://t.me/hsksiwskssw
hsn788,https://t.me/hsn788
hss99almo,https://t.me/hss99almo
hstHn52,https://t.me/hstHn52
hsw120,https://t.me/hsw120
httpOrganizationalExamTemplates,https://t.me/httpOrganizationalExamTemplates
husseinalhaj,https://t.me/husseinalhaj
hz511_121,https://t.me/hz511_121
i12ft,https://t.me/i12ft
i19995,https://t.me/i19995
iBible4All,https://t.me/iBible4All
iRAQm,https://t.me/iRAQm
i_Chancy_BOT,https://t.me/i_Chancy_BOT
i_iiih9,https://t.me/i_iiih9
iblinddatebot,https://t.me/iblinddatebot
ibnatyah,https://t.me/ibnatyah
ibrahimgameilgomla,https://t.me/ibrahimgameilgomla
icoursess,https://t.me/icoursess
ielts2SpeakingWriting,https://t.me/ielts2SpeakingWriting
ielts2WritingCorrection,https://t.me/ielts2WritingCorrection
ifilmchat,https://t.me/ifilmchat
ihsanemad8,https://t.me/ihsanemad8
iicv70,https://t.me/iicv70
iiisainbot,https://t.me/iiisainbot
iisaiq,https://t.me/iisaiq
iistshfa2022,https://t.me/iistshfa2022
ijazQurany,https://t.me/ijazQurany
ijaz_101,https://t.me/ijaz_101
il_ma11,https://t.me/il_ma11
ilm_alhadith,https://t.me/ilm_alhadith
ilmiya_pdf,https://t.me/ilmiya_pdf
ilmnafsi,https://t.me/ilmnafsi
ilsaleh1,https://t.me/ilsaleh1
imammahdi,https://t.me/imammahdi
imolhm,https://t.me/imolhm
indexofkithab,https://t.me/indexofkithab
infinity511,https://t.me/infinity511
inkImams,https://t.me/inkImams
inoor_313,https://t.me/inoor_313
instapico,https://t.me/instapico
instapicobot_support,https://t.me/instapicobot_support
investyourmone,https://t.me/investyourmone
iosf1_robots,https://t.me/iosf1_robots
iphone32,https://t.me/iphone32
iqtebasat9,https://t.me/iqtebasat9
ir_tavabin,https://t.me/ir_tavabin
iran_3131,https://t.me/iran_3131
iraq4y,https://t.me/iraq4y
iraqedu,https://t.me/iraqedu
irq2022,https://t.me/irq2022
irq_w1,https://t.me/irq_w1
is_i3,https://t.me/is_i3
islam_cartoonsbot,https://t.me/islam_cartoonsbot
israa_faiez,https://t.me/israa_faiez
israa_fayez,https://t.me/israa_fayez
itdmcbot,https://t.me/itdmcbot
itmy4444,https://t.me/itmy4444
itspianoo,https://t.me/itspianoo
ittihad_2,https://t.me/ittihad_2
iuosiss1,https://t.me/iuosiss1
izawc,https://t.me/izawc
jadadtmwhk,https://t.me/jadadtmwhk
jalkx,https://t.me/jalkx
jamelah123456,https://t.me/jamelah123456
jamieaj,https://t.me/jamieaj
janattttt,https://t.me/janattttt
jannataynn,https://t.me/jannataynn
jeddah_job,https://t.me/jeddah_job
jeel_muslim,https://t.me/jeel_muslim
jeelmaktaba,https://t.me/jeelmaktaba
jenencamb24,https://t.me/jenencamb24
jeninnews2,https://t.me/jeninnews2
jjhi1,https://t.me/jjhi1
jobmag,https://t.me/jobmag
jobs4ksa,https://t.me/jobs4ksa
jobscourse,https://t.me/jobscourse
joeh1,https://t.me/joeh1
joinchat,https://t.me/joinchat
jomalatetakkhati,https://t.me/jomalatetakkhati
jonbeshkheyabani,https://t.me/jonbeshkheyabani
jubran_education,https://t.me/jubran_education
jumlainzeganchayb,https://t.me/jumlainzeganchayb
justmarket18,https://t.me/justmarket18
justspeaking1,https://t.me/justspeaking1
k22aa,https://t.me/k22aa
k_kk5k,https://t.me/k_kk5k
kaaat,https://t.me/kaaat
kabulNerkh,https://t.me/kabulNerkh
kaka747472,https://t.me/kaka747472
kalandiacamp,https://t.me/kalandiacamp
kalmatragih,https://t.me/kalmatragih
karagahnews,https://t.me/karagahnews
karrar90h,https://t.me/karrar90h
karyabi06666,https://t.me/karyabi06666
kashlanbooks,https://t.me/kashlanbooks
katherine11777_translation,https://t.me/katherine11777_translation
katibat_jinin,https://t.me/katibat_jinin
kazem_1992,https://t.me/kazem_1992
kazem_alii,https://t.me/kazem_alii
kazim_news,https://t.me/kazim_news
kero_875,https://t.me/kero_875
kessaci_zoom,https://t.me/kessaci_zoom
ketabkadesotiz,https://t.me/ketabkadesotiz
keyan_almarifa,https://t.me/keyan_almarifa
kfoovip,https://t.me/kfoovip
kfu_1,https://t.me/kfu_1
kfu_A,https://t.me/kfu_A
khabar_marketing,https://t.me/khabar_marketing
khademat_nadernasrat,https://t.me/khademat_nadernasrat
khaledalgohany,https://t.me/khaledalgohany
khaliij_store,https://t.me/khaliij_store
khlodalotibi,https://t.me/khlodalotibi
khofach,https://t.me/khofach
khutwahacademy,https://t.me/khutwahacademy
kindleeon,https://t.me/kindleeon
kingxauusd1,https://t.me/kingxauusd1
kjgcchkkmbv,https://t.me/kjgcchkkmbv
kkkfkss,https://t.me/kkkfkss
kkook22,https://t.me/kkook22
klaw0,https://t.me/klaw0
kljjeg,https://t.me/kljjeg
kmongjd,https://t.me/kmongjd
knat_b2sonshadeed,https://t.me/knat_b2sonshadeed
kodekeyhanii,https://t.me/kodekeyhanii
kodurat3,https://t.me/kodurat3
kora_kadem,https://t.me/kora_kadem
koraa_salafi,https://t.me/koraa_salafi
kpd_storee,https://t.me/kpd_storee
kraray224466,https://t.me/kraray224466
kretos_111AK,https://t.me/kretos_111AK
ksnclnd,https://t.me/ksnclnd
kwcourses,https://t.me/kwcourses
kwlinks_,https://t.me/kwlinks_
kwrz2,https://t.me/kwrz2
lDOO8l,https://t.me/lDOO8l
la_pf1,https://t.me/la_pf1
labphot_bot,https://t.me/labphot_bot
leadermix,https://t.me/leadermix
learn_h_ack2,https://t.me/learn_h_ack2
learnenglish_q,https://t.me/learnenglish_q
learnexcel11,https://t.me/learnexcel11
leo_sfe,https://t.me/leo_sfe
leo_soofe,https://t.me/leo_soofe
leoo_so,https://t.me/leoo_so
lhawtabejmla,https://t.me/lhawtabejmla
lib2022,https://t.me/lib2022
libanon_news,https://t.me/libanon_news
libyadolar,https://t.me/libyadolar
licvnyy,https://t.me/licvnyy
lingeriestation,https://t.me/lingeriestation
linkdoniideal1,https://t.me/linkdoniideal1
linkn15,https://t.me/linkn15
lion_vpn_300,https://t.me/lion_vpn_300
lion_vpn_400,https://t.me/lion_vpn_400
llUUV9,https://t.me/llUUV9
llUUV93,https://t.me/llUUV93
lll4t2,https://t.me/lll4t2
llllliiiri,https://t.me/llllliiiri
llmmffg,https://t.me/llmmffg
lmakitat,https://t.me/lmakitat
lostgame,https://t.me/lostgame
lte4g_yousif_almasabi,https://t.me/lte4g_yousif_almasabi
m7lk7,https://t.me/m7lk7
m_edoq,https://t.me/m_edoq
m_marshd1,https://t.me/m_marshd1
ma3lomat_qanonya2,https://t.me/ma3lomat_qanonya2
maali214,https://t.me/maali214
maali216,https://t.me/maali216
maass98,https://t.me/maass98
mabowaged_eg,https://t.me/mabowaged_eg
magookie,https://t.me/magookie
mahaaaaaaaa2,https://t.me/mahaaaaaaaa2
mahdi1992lawer,https://t.me/mahdi1992lawer
mahmoudhamdyyoussef,https://t.me/mahmoudhamdyyoussef
majedalfahadchat,https://t.me/majedalfahadchat
makanyworldads,https://t.me/makanyworldads
makhzaidiah4,https://t.me/makhzaidiah4
makingofbybasel,https://t.me/makingofbybasel
maktaba2020,https://t.me/maktaba2020
maktapa2022,https://t.me/maktapa2022
maktbdarien,https://t.me/maktbdarien
malfah1,https://t.me/malfah1
malfahad1,https://t.me/malfahad1
mam73a6,https://t.me/mam73a6
mamasoher,https://t.me/mamasoher
manbij2,https://t.me/manbij2
manga_conan_KN,https://t.me/manga_conan_KN
mangamanhwayaoi,https://t.me/mangamanhwayaoi
manhaji_highshcool,https://t.me/manhaji_highshcool
mansat_rabhia1,https://t.me/mansat_rabhia1
mansourasalme,https://t.me/mansourasalme
mariama_montessori,https://t.me/mariama_montessori
markting530,https://t.me/markting530
masged_alfoeqan227,https://t.me/masged_alfoeqan227
masirah_sada,https://t.me/masirah_sada
math_hasn2,https://t.me/math_hasn2
mathematicshemma,https://t.me/mathematicshemma
matnnegar,https://t.me/matnnegar
mawared2,https://t.me/mawared2
mazharehaq_archive,https://t.me/mazharehaq_archive
mcfciraq1,https://t.me/mcfciraq1
me7war313mokawama,https://t.me/me7war313mokawama
me_n010,https://t.me/me_n010
me_n03,https://t.me/me_n03
me_n05,https://t.me/me_n05
me_n057,https://t.me/me_n057
me_n09,https://t.me/me_n09
me_n58,https://t.me/me_n58
media_classico,https://t.me/media_classico
mediairaq,https://t.me/mediairaq
medical02022,https://t.me/medical02022
medical9908,https://t.me/medical9908
medical_appss,https://t.me/medical_appss
medical_consulting1,https://t.me/medical_consulting1
medical_officerbot,https://t.me/medical_officerbot
medical_st7,https://t.me/medical_st7
medicalintern116,https://t.me/medicalintern116
medicalrefrencess,https://t.me/medicalrefrencess
medicine576876,https://t.me/medicine576876
medicineway_admin,https://t.me/medicineway_admin
medupresearchers,https://t.me/medupresearchers
memari170,https://t.me/memari170
menohenn,https://t.me/menohenn
merna244,https://t.me/merna244
messa054,https://t.me/messa054
metals01021285757,https://t.me/metals01021285757
mhmad1996hsvsk,https://t.me/mhmad1996hsvsk
mhmwm7,https://t.me/mhmwm7
mi_raculos,https://t.me/mi_raculos
mindoelmoghazy,https://t.me/mindoelmoghazy
miraculous_english_arabic,https://t.me/miraculous_english_arabic
mishkaty,https://t.me/mishkaty
misselsabilecourses,https://t.me/misselsabilecourses
mm4dbot,https://t.me/mm4dbot
mmirlb,https://t.me/mmirlb
mmirleb,https://t.me/mmirleb
mmmageed,https://t.me/mmmageed
mmonop2026,https://t.me/mmonop2026
mnd3d,https://t.me/mnd3d
mnmntee,https://t.me/mnmntee
mo_us_tafa,https://t.me/mo_us_tafa
moalemeh_nemoneh,https://t.me/moalemeh_nemoneh
mocca_homemade,https://t.me/mocca_homemade
modarasatswaad,https://t.me/modarasatswaad
modsgv,https://t.me/modsgv
moeinpress,https://t.me/moeinpress
mohamad_famooriann,https://t.me/mohamad_famooriann
mohamedalmanzalawy,https://t.me/mohamedalmanzalawy
mohamedandseka,https://t.me/mohamedandseka
mohamednabhan5522,https://t.me/mohamednabhan5522
mohammedalbehairy,https://t.me/mohammedalbehairy
mohbahjat,https://t.me/mohbahjat
mohia778,https://t.me/mohia778
mohmmed19966,https://t.me/mohmmed19966
mohtrfandroid,https://t.me/mohtrfandroid
moi_job_iq,https://t.me/moi_job_iq
mojyemen,https://t.me/mojyemen
momridfannanGeneral,https://t.me/momridfannanGeneral
montasser_vip,https://t.me/montasser_vip
moookcj12,https://t.me/moookcj12
mostashar22,https://t.me/mostashar22
motashab29,https://t.me/motashab29
motka2,https://t.me/motka2
moussalsal,https://t.me/moussalsal
moviesparadiseiraq,https://t.me/moviesparadiseiraq
moviess_chat,https://t.me/moviess_chat
mozqvv,https://t.me/mozqvv
mqnx2,https://t.me/mqnx2
mrcryptoytt,https://t.me/mrcryptoytt
ms_at2,https://t.me/ms_at2
msg_nashenasbot,https://t.me/msg_nashenasbot
mslslaTTurkey,https://t.me/mslslaTTurkey
mssiiq,https://t.me/mssiiq
mstrtomls,https://t.me/mstrtomls
mtc2001,https://t.me/mtc2001
mtgr_iQ1,https://t.me/mtgr_iQ1
mtvtit,https://t.me/mtvtit
mufakeroonmaktaba,https://t.me/mufakeroonmaktaba
muhamad_badr,https://t.me/muhamad_badr
multilingualclub,https://t.me/multilingualclub
mummyIR9,https://t.me/mummyIR9
mumool,https://t.me/mumool
muqtnyatdress,https://t.me/muqtnyatdress
muqtnyatyyhome,https://t.me/muqtnyatyyhome
murdi100,https://t.me/murdi100
mustafa_2_8,https://t.me/mustafa_2_8
mustafaallam,https://t.me/mustafaallam
mvvmvv,https://t.me/mvvmvv
myMathx,https://t.me/myMathx
my_note7,https://t.me/my_note7
mychanel445,https://t.me/mychanel445
mychannel886,https://t.me/mychannel886
mymov22,https://t.me/mymov22
mymovies1233,https://t.me/mymovies1233
mymoviesarb,https://t.me/mymoviesarb
mzagy225,https://t.me/mzagy225
mzaopz,https://t.me/mzaopz
nabd_al_bac1,https://t.me/nabd_al_bac1
nadine4561,https://t.me/nadine4561
nahg202,https://t.me/nahg202
naljaede,https://t.me/naljaede
namavar_economy,https://t.me/namavar_economy
naslzohoor,https://t.me/naslzohoor
nasseralmuzaini,https://t.me/nasseralmuzaini
nazor1,https://t.me/nazor1
nd3amk,https://t.me/nd3amk
nesrr_martyrs0,https://t.me/nesrr_martyrs0
netflixgh0,https://t.me/netflixgh0
nextcommm,https://t.me/nextcommm
nicegram_ipa,https://t.me/nicegram_ipa
nicegramapp,https://t.me/nicegramapp
njafeoo_n,https://t.me/njafeoo_n
njm10111,https://t.me/njm10111
nn_vx,https://t.me/nn_vx
nnllmss,https://t.me/nnllmss
nnnoynno,https://t.me/nnnoynno
noha_masr,https://t.me/noha_masr
nono11ll,https://t.me/nono11ll
nonss67,https://t.me/nonss67
nooon32,https://t.me/nooon32
noor2024bj,https://t.me/noor2024bj
noraneh29,https://t.me/noraneh29
nosa572,https://t.me/nosa572
nourah_017,https://t.me/nourah_017
nourfitm,https://t.me/nourfitm
nr428,https://t.me/nr428
nurseBro,https://t.me/nurseBro
o9_nm,https://t.me/o9_nm
ofraa88,https://t.me/ofraa88
ofraaaaa8,https://t.me/ofraaaaa8
okmoviz,https://t.me/okmoviz
olaarabemaster2024,https://t.me/olaarabemaster2024
omar_Hazim2,https://t.me/omar_Hazim2
omaralwisi,https://t.me/omaralwisi
omerkhartoum2,https://t.me/omerkhartoum2
omo_rabah,https://t.me/omo_rabah
ooaassc,https://t.me/ooaassc
ooiq2,https://t.me/ooiq2
oscartvapp,https://t.me/oscartvapp
otb_121,https://t.me/otb_121
p0ptrading,https://t.me/p0ptrading
p123abs,https://t.me/p123abs
p8877p,https://t.me/p8877p
patho_pharma,https://t.me/patho_pharma
pattren_Chart_Bitcoin,https://t.me/pattren_Chart_Bitcoin
paym_nashenasBot,https://t.me/paym_nashenasBot
pdf1se,https://t.me/pdf1se
peaceandwar2,https://t.me/peaceandwar2
pedia8,https://t.me/pedia8
pejamtystore,https://t.me/pejamtystore
pele89,https://t.me/pele89
pelgorahhahyaammmp,https://t.me/pelgorahhahyaammmp
people_university_kerbalaa,https://t.me/people_university_kerbalaa
pesawi9,https://t.me/pesawi9
ph_note,https://t.me/ph_note
ph_stage4,https://t.me/ph_stage4
phamacy2212,https://t.me/phamacy2212
pharmaAlwafy,https://t.me/pharmaAlwafy
pharmacognosy_3,https://t.me/pharmacognosy_3
pharrm_2018,https://t.me/pharrm_2018
phmsy,https://t.me/phmsy
photo_19_5,https://t.me/photo_19_5
photoshop_station,https://t.me/photoshop_station
php30,https://t.me/php30
phraniaabdullahjobs,https://t.me/phraniaabdullahjobs
pik9517,https://t.me/pik9517
pika95111,https://t.me/pika95111
pinkChats_bot,https://t.me/pinkChats_bot
plesposts,https://t.me/plesposts
po97i,https://t.me/po97i
poi600,https://t.me/poi600
postgraduatedoctors,https://t.me/postgraduatedoctors
ppvv2555,https://t.me/ppvv2555
pro_st_ru_ab_o,https://t.me/pro_st_ru_ab_o
profit_from_the_internet5,https://t.me/profit_from_the_internet5
progin,https://t.me/progin
prysays,https://t.me/prysays
punisherbetbot,https://t.me/punisherbetbot
python2yemen,https://t.me/python2yemen
qabaa123,https://t.me/qabaa123
qabatea,https://t.me/qabatea
qabatee,https://t.me/qabatee
qadrat_a1,https://t.me/qadrat_a1
qadrat_a2,https://t.me/qadrat_a2
qadrat_a3,https://t.me/qadrat_a3
qanafalmaqbli,https://t.me/qanafalmaqbli
qanafalmaqbli1,https://t.me/qanafalmaqbli1
qaraan1,https://t.me/qaraan1
qergg1,https://t.me/qergg1
qqt48,https://t.me/qqt48
qssdg5,https://t.me/qssdg5
qtahsili,https://t.me/qtahsili
qudratNJM,https://t.me/qudratNJM
qudrathemma,https://t.me/qudrathemma
qudratinfo,https://t.me/qudratinfo
qudratsaleh,https://t.me/qudratsaleh
quduratuk,https://t.me/quduratuk
queenkristina2,https://t.me/queenkristina2
quizesbankalquodrat,https://t.me/quizesbankalquodrat
quraan_moraga3a,https://t.me/quraan_moraga3a
quraan_moraga3a2,https://t.me/quraan_moraga3a2
quranbinaa2,https://t.me/quranbinaa2
quranbng,https://t.me/quranbng
quranin1t,https://t.me/quranin1t
qusi90bot,https://t.me/qusi90bot
quwaa,https://t.me/quwaa
qweqgn,https://t.me/qweqgn
r19877,https://t.me/r19877
r2max2,https://t.me/r2max2
r6_zj,https://t.me/r6_zj
r94hr,https://t.me/r94hr
r_ray313q,https://t.me/r_ray313q
ra_50_mm,https://t.me/ra_50_mm
ra_step1,https://t.me/ra_step1
raadjasm3,https://t.me/raadjasm3
raafatsiamorder,https://t.me/raafatsiamorder
radfarshgr,https://t.me/radfarshgr
radioanisfm,https://t.me/radioanisfm
rafif220,https://t.me/rafif220
ramadan202222222,https://t.me/ramadan202222222
ranconan,https://t.me/ranconan
raph200,https://t.me/raph200
rasaddnourshams,https://t.me/rasaddnourshams
rasdNablus_1,https://t.me/rasdNablus_1
rasdjenin1,https://t.me/rasdjenin1
rashedalmajidgroup,https://t.me/rashedalmajidgroup
rashfat321,https://t.me/rashfat321
ravanShenasAibot,https://t.me/ravanShenasAibot
rayej0,https://t.me/rayej0
razlri,https://t.me/razlri
rcrdz1,https://t.me/rcrdz1
rd3_al3dwan,https://t.me/rd3_al3dwan
reach_sprint_cash,https://t.me/reach_sprint_cash
readyourlaw12,https://t.me/readyourlaw12
real_madridfv15,https://t.me/real_madridfv15
reamenglish,https://t.me/reamenglish
rechargevitte,https://t.me/rechargevitte
red_511,https://t.me/red_511
reee000,https://t.me/reee000
remixat,https://t.me/remixat
repiraq,https://t.me/repiraq
reviewsfalmingo,https://t.me/reviewsfalmingo
rfeeg1,https://t.me/rfeeg1
rifqahrecordings,https://t.me/rifqahrecordings
rimowan3,https://t.me/rimowan3
riwayattime,https://t.me/riwayattime
rkn_iq,https://t.me/rkn_iq
roba100,https://t.me/roba100
robusteg,https://t.me/robusteg
romancemakeranimeyaoi,https://t.me/romancemakeranimeyaoi
romancemakerbl,https://t.me/romancemakerbl
romof9,https://t.me/romof9
romof99,https://t.me/romof99
rooooooooe,https://t.me/rooooooooe
royalacces,https://t.me/royalacces
rozita_wear,https://t.me/rozita_wear
rrqqvn,https://t.me/rrqqvn
rrrrilirrrr,https://t.me/rrrrilirrrr
rs_h2,https://t.me/rs_h2
ru_9x,https://t.me/ru_9x
rueib_alkian,https://t.me/rueib_alkian
s3toshi,https://t.me/s3toshi
s_1442,https://t.me/s_1442
s_report1,https://t.me/s_report1
sa7atPl,https://t.me/sa7atPl
sa7et_jenin,https://t.me/sa7et_jenin
saadalkadhy,https://t.me/saadalkadhy
saadm1999,https://t.me/saadm1999
sada18_bot,https://t.me/sada18_bot
sadhsw,https://t.me/sadhsw
sadsdone,https://t.me/sadsdone
saedalzaneen8,https://t.me/saedalzaneen8
saeedelazhary,https://t.me/saeedelazhary
safe_piprev,https://t.me/safe_piprev
saffahelgold01,https://t.me/saffahelgold01
safypress90,https://t.me/safypress90
sahm0000,https://t.me/sahm0000
sajjad26start,https://t.me/sajjad26start
salaasel1,https://t.me/salaasel1
salafibookss,https://t.me/salafibookss
salehaljafarwi,https://t.me/salehaljafarwi
salehalzahiri,https://t.me/salehalzahiri
salinks_bot,https://t.me/salinks_bot
samahh22024,https://t.me/samahh22024
samamanbiij,https://t.me/samamanbiij
samarebrahim32,https://t.me/samarebrahim32
samir2025_bets,https://t.me/samir2025_bets
samschoolibb,https://t.me/samschoolibb
sanaa12_f,https://t.me/sanaa12_f
sanaye20011,https://t.me/sanaye20011
santabetss,https://t.me/santabetss
santer_malazem,https://t.me/santer_malazem
santer_talib,https://t.me/santer_talib
saotyat,https://t.me/saotyat
saqerallahji12,https://t.me/saqerallahji12
saqerallahjy,https://t.me/saqerallahjy
sara2ali22,https://t.me/sara2ali22
sarakh4f,https://t.me/sarakh4f
saraya2jinin,https://t.me/saraya2jinin
sareah44,https://t.me/sareah44
sarsrt,https://t.me/sarsrt
saudijobs24_ads,https://t.me/saudijobs24_ads
savanarobertt,https://t.me/savanarobertt
savbm,https://t.me/savbm
sawtelghad,https://t.me/sawtelghad
sawtiiatt,https://t.me/sawtiiatt
sbubar_danjir,https://t.me/sbubar_danjir
schematicslaptop,https://t.me/schematicslaptop
science5,https://t.me/science5
scince3ksa,https://t.me/scince3ksa
scorebetts,https://t.me/scorebetts
scraps_14,https://t.me/scraps_14
scripts_14,https://t.me/scripts_14
scv_1,https://t.me/scv_1
sd_dd1,https://t.me/sd_dd1
sdkingkhaledun,https://t.me/sdkingkhaledun
se_ksa7,https://t.me/se_ksa7
secondaryx,https://t.me/secondaryx
senior274,https://t.me/senior274
series2uu,https://t.me/series2uu
seryaadsbot,https://t.me/seryaadsbot
shababalkasam,https://t.me/shababalkasam
shabangomla,https://t.me/shabangomla
shadysopoh,https://t.me/shadysopoh
shaher100000,https://t.me/shaher100000
shamela_epub,https://t.me/shamela_epub
shamim_workshop,https://t.me/shamim_workshop
sharif_ie,https://t.me/sharif_ie
shawming_TV,https://t.me/shawming_TV
sheikh_Abu_Ishak_Elhoweiny,https://t.me/sheikh_Abu_Ishak_Elhoweiny
shendy01024969702,https://t.me/shendy01024969702
sherait_link,https://t.me/sherait_link
sherarabimoaser,https://t.me/sherarabimoaser
short_questions,https://t.me/short_questions
shotitube,https://t.me/shotitube
si_c7,https://t.me/si_c7
siba555,https://t.me/siba555
sinaestavi,https://t.me/sinaestavi
sisanfactory,https://t.me/sisanfactory
sit_sara,https://t.me/sit_sara
sixth_grade_6th,https://t.me/sixth_grade_6th
skn923,https://t.me/skn923
smg_fx,https://t.me/smg_fx
smmdd,https://t.me/smmdd
sogrmamiooiii,https://t.me/sogrmamiooiii
somaiaana,https://t.me/somaiaana
sooqjameah,https://t.me/sooqjameah
soramnqraa,https://t.me/soramnqraa
soso44khs,https://t.me/soso44khs
sotyaat_samir,https://t.me/sotyaat_samir
sp_xq90,https://t.me/sp_xq90
spinbetter_egypt_chat,https://t.me/spinbetter_egypt_chat
sportsfansww,https://t.me/sportsfansww
sr_n13,https://t.me/sr_n13
sr_sq,https://t.me/sr_sq
sr_sr29,https://t.me/sr_sr29
ssnnaFi,https://t.me/ssnnaFi
stad6ab,https://t.me/stad6ab
steeep,https://t.me/steeep
stepacademy,https://t.me/stepacademy
stepp2022S,https://t.me/stepp2022S
stepp2024,https://t.me/stepp2024
stept1,https://t.me/stept1
story_to,https://t.me/story_to
students_of_iraq96,https://t.me/students_of_iraq96
studnt778,https://t.me/studnt778
studyaramco,https://t.me/studyaramco
sudaexams,https://t.me/sudaexams
sudanewsmax1,https://t.me/sudanewsmax1
sudannet7,https://t.me/sudannet7
suffy96,https://t.me/suffy96
sugar_2452001,https://t.me/sugar_2452001
suhaeb_aga,https://t.me/suhaeb_aga
suonof,https://t.me/suonof
sup_legend1,https://t.me/sup_legend1
surgerycollection,https://t.me/surgerycollection
sw_sh3,https://t.me/sw_sh3
swaytw11,https://t.me/swaytw11
swise1centar,https://t.me/swise1centar
swteat_alkulife,https://t.me/swteat_alkulife
swteat_k,https://t.me/swteat_k
syriadpa,https://t.me/syriadpa
t_land_ads,https://t.me/t_land_ads
ta7silyhemmaa,https://t.me/ta7silyhemmaa
tabaay59,https://t.me/tabaay59
tabligattyu,https://t.me/tabligattyu
tablighRapGodNews,https://t.me/tablighRapGodNews
tablighat_jadi_fans,https://t.me/tablighat_jadi_fans
tabligheat1,https://t.me/tabligheat1
tablighnapelon,https://t.me/tablighnapelon
tablignub,https://t.me/tablignub
tabroman18,https://t.me/tabroman18
tadrebat_1,https://t.me/tadrebat_1
tafreegabujafar,https://t.me/tafreegabujafar
tafseeralquranvoice,https://t.me/tafseeralquranvoice
tafser55,https://t.me/tafser55
tagmo3alnozha,https://t.me/tagmo3alnozha
tagoed29,https://t.me/tagoed29
tagweeddrAyman,https://t.me/tagweeddrAyman
tahanyv,https://t.me/tahanyv
tahatech6_support,https://t.me/tahatech6_support
tahdiri3,https://t.me/tahdiri3
tahselytalha,https://t.me/tahselytalha
taksize_katoni,https://t.me/taksize_katoni
talaeatzahran,https://t.me/talaeatzahran
tanafsee2025,https://t.me/tanafsee2025
tania_tamrid_bot,https://t.me/tania_tamrid_bot
tarbaweee,https://t.me/tarbaweee
tarefebankmusic,https://t.me/tarefebankmusic
taswkut,https://t.me/taswkut
tatalive_store,https://t.me/tatalive_store
taxi_kirkuk,https://t.me/taxi_kirkuk
tch_ads,https://t.me/tch_ads
tdburalquran,https://t.me/tdburalquran
tdwappsmod,https://t.me/tdwappsmod
tdwcourses,https://t.me/tdwcourses
tdwprograms,https://t.me/tdwprograms
tebninenews,https://t.me/tebninenews
telavat_rozaneh,https://t.me/telavat_rozaneh
telega_adv_bot,https://t.me/telega_adv_bot
test_2024_test,https://t.me/test_2024_test
tfrexa,https://t.me/tfrexa
tfrexf2,https://t.me/tfrexf2
tgarobienstein,https://t.me/tgarobienstein
tgtala1,https://t.me/tgtala1
thamemtlab,https://t.me/thamemtlab
the_legend_tic,https://t.me/the_legend_tic
thebestdentiststeamgroup,https://t.me/thebestdentiststeamgroup
thejoker_VPN,https://t.me/thejoker_VPN
themoon98,https://t.me/themoon98
thequransave1,https://t.me/thequransave1
thequransave2,https://t.me/thequransave2
thewordd_Bot,https://t.me/thewordd_Bot
thkreatjanubi2,https://t.me/thkreatjanubi2
thsiix,https://t.me/thsiix
tibislame,https://t.me/tibislame
tibm_NeW_Allssli,https://t.me/tibm_NeW_Allssli
tililf2,https://t.me/tililf2
titambv,https://t.me/titambv
to_allah_211,https://t.me/to_allah_211
tobekkkkk55,https://t.me/tobekkkkk55
tofa_1406,https://t.me/tofa_1406
tomhat_20,https://t.me/tomhat_20
topchinet,https://t.me/topchinet
topjemlaa,https://t.me/topjemlaa
toters5,https://t.me/toters5
touhaala2026,https://t.me/touhaala2026
training_To_Allah,https://t.me/training_To_Allah
tramad_ol,https://t.me/tramad_ol
tratealcom,https://t.me/tratealcom
travisthqa,https://t.me/travisthqa
trbwy_2030,https://t.me/trbwy_2030
trend_mosul,https://t.me/trend_mosul
tt_2ll,https://t.me/tt_2ll
tt_313TT,https://t.me/tt_313TT
ttdpse,https://t.me/ttdpse
ttyasmyy,https://t.me/ttyasmyy
ttzBot,https://t.me/ttzBot
tulkarmeoon,https://t.me/tulkarmeoon
tulkrmeoon,https://t.me/tulkrmeoon
tumb1riq,https://t.me/tumb1riq
tuzero0,https://t.me/tuzero0
tzahabi,https://t.me/tzahabi
u_o_b_p,https://t.me/u_o_b_p
u_x_y,https://t.me/u_x_y
uaetuday,https://t.me/uaetuday
uggfbj,https://t.me/uggfbj
umasekonbelketab_bot,https://t.me/umasekonbelketab_bot
unihelwan,https://t.me/unihelwan
ururu,https://t.me/ururu
usraaman,https://t.me/usraaman
ustathanadiasaadullah,https://t.me/ustathanadiasaadullah
ut_help,https://t.me/ut_help
uunn100,https://t.me/uunn100
uunssn,https://t.me/uunssn
uy_a9,https://t.me/uy_a9
v2ray_vaslsho,https://t.me/v2ray_vaslsho
v999ff,https://t.me/v999ff
v_85_l,https://t.me/v_85_l
v_w_v,https://t.me/v_w_v
vahidtaherpurmiusic,https://t.me/vahidtaherpurmiusic
valley33,https://t.me/valley33
vbs_net,https://t.me/vbs_net
vd3aa,https://t.me/vd3aa
vesssaltabligh,https://t.me/vesssaltabligh
vip2000vip,https://t.me/vip2000vip
vip_fx_callege,https://t.me/vip_fx_callege
vip_proxyTelegram,https://t.me/vip_proxyTelegram
voic_law,https://t.me/voic_law
vovo_5,https://t.me/vovo_5
vpnshooop,https://t.me/vpnshooop
vvviopq,https://t.me/vvviopq
vvwomw,https://t.me/vvwomw
wachesHC,https://t.me/wachesHC
wadifh1,https://t.me/wadifh1
waqfeya_pdf,https://t.me/waqfeya_pdf
waramircairan_bot,https://t.me/waramircairan_bot
wazart2,https://t.me/wazart2
wdd,https://t.me/wdd
wecanksa,https://t.me/wecanksa
wezarybyaa1,https://t.me/wezarybyaa1
wezaryfifth,https://t.me/wezaryfifth
whatsappstatus112,https://t.me/whatsappstatus112
whitedns_group,https://t.me/whitedns_group
wifiegypt,https://t.me/wifiegypt
wilayahIraq,https://t.me/wilayahIraq
windowoffer1,https://t.me/windowoffer1
withallaah,https://t.me/withallaah
withoutmusicr1,https://t.me/withoutmusicr1
wkala11111,https://t.me/wkala11111
wkf_94,https://t.me/wkf_94
wklaw,https://t.me/wklaw
wmd3t,https://t.me/wmd3t
work2873,https://t.me/work2873
worldearnnews,https://t.me/worldearnnews
wsaifw11,https://t.me/wsaifw11
wwwjeblahboy,https://t.me/wwwjeblahboy
wzefa2u,https://t.me/wzefa2u
x6AzkarBOTChannel,https://t.me/x6AzkarBOTChannel
x7777em,https://t.me/x7777em
x9xxx,https://t.me/x9xxx
x_chemistry_x,https://t.me/x_chemistry_x
x_z_z7,https://t.me/x_z_z7
xa7mdov,https://t.me/xa7mdov
xammrx,https://t.me/xammrx
xndkfkffkfmf,https://t.me/xndkfkffkfmf
xtrateel,https://t.me/xtrateel
xu4cl,https://t.me/xu4cl
xu4cll,https://t.me/xu4cll
xu4clll,https://t.me/xu4clll
xu5ci,https://t.me/xu5ci
xu5cl,https://t.me/xu5cl
xu5cll,https://t.me/xu5cll
xxZrbjddbd99,https://t.me/xxZrbjddbd99
xxcghajhrvd,https://t.me/xxcghajhrvd
xxh1x,https://t.me/xxh1x
xxsxx21,https://t.me/xxsxx21
xxxnxxxssss_bot,https://t.me/xxxnxxxssss_bot
y4tefg,https://t.me/y4tefg
y_gv10,https://t.me/y_gv10
y_salama_quraan,https://t.me/y_salama_quraan
yaqeen124,https://t.me/yaqeen124
yaqoot_r59h,https://t.me/yaqoot_r59h
yarabeeyarab,https://t.me/yarabeeyarab
yargoontegaraalntabour,https://t.me/yargoontegaraalntabour
yaseenarbic,https://t.me/yaseenarbic
yaseenpresss,https://t.me/yaseenpresss
yasjaje1999,https://t.me/yasjaje1999
yazedacademy,https://t.me/yazedacademy
ybvpn_group,https://t.me/ybvpn_group
yemenSul,https://t.me/yemenSul
yosafahme,https://t.me/yosafahme
yyoyyonk,https://t.me/yyoyyonk
z1mchat,https://t.me/z1mchat
z200313,https://t.me/z200313
zR5557m,https://t.me/zR5557m
zad_pedag,https://t.me/zad_pedag
zadalkhayrr,https://t.me/zadalkhayrr
zain44,https://t.me/zain44
zainaletqaan01,https://t.me/zainaletqaan01
zaingroup2020,https://t.me/zaingroup2020
zedmodeon,https://t.me/zedmodeon
zekrrallah,https://t.me/zekrrallah
zer3aworldz,https://t.me/zer3aworldz
zmh10,https://t.me/zmh10
zmt100700,https://t.me/zmt100700
zoom1out1,https://t.me/zoom1out1
zozz_001,https://t.me/zozz_001
zszgdbh,https://t.me/zszgdbh
ztedfhjfgjj,https://t.me/ztedfhjfgjj
ztt223,https://t.me/ztt223
zwamlAllaitth,https://t.me/zwamlAllaitth
zwamlalsoviany,https://t.me/zwamlalsoviany
zzkBot,https://t.me/zzkBot
zzzzhhhhhaaa,https://t.me/zzzzhhhhhaaa
